2024-08-07 08:13:01,ETHUSDT,bid,2350,7648.561
2024-08-07 08:13:24,ETHUSDT,bid,2350,7639.03
2024-08-07 08:14:24,ETHUSDT,bid,2350,7631.959
2024-08-07 08:15:30,ETHUSDT,bid,2350,7629.241
2024-08-07 08:16:32,ETHUSDT,bid,2360,7610.797
2024-08-07 08:17:32,ETHUSDT,bid,2380,7560.706
2024-08-07 08:18:19,ETHUSDT,bid,2360,7609.009
2024-08-07 08:19:44,ETHUSDT,bid,1680,6035.161
2024-08-07 08:19:44,ETHUSDT,bid,1960,5146.053
2024-08-07 08:20:22,ETHUSDT,bid,2370,7568.727
2024-08-07 08:21:18,ETHUSDT,bid,2370,7584.599
2024-08-07 08:21:25,ETHUSDT,bid,2280,4440.538
2024-08-07 08:22:17,ETHUSDT,bid,2370,7573.462
2024-08-07 08:22:27,ETHUSDT,bid,2230,4514.576
2024-08-07 08:23:15,ETHUSDT,bid,2370,7570.436
2024-08-07 08:24:15,ETHUSDT,bid,2370,7580.885
2024-08-07 08:27:13,ETHUSDT,bid,2370,7589.166
2024-08-07 08:28:12,ETHUSDT,bid,2370,7572.15
2024-08-07 08:30:11,ETHUSDT,bid,2370,7579.978
2024-08-07 08:30:34,ETHUSDT,ask,2460,4979.5
2024-08-07 08:31:11,ETHUSDT,bid,2370,7574.395
2024-08-07 08:31:47,ETHUSDT,bid,2440,4283.858
2024-08-07 08:31:56,ETHUSDT,bid,2440,4308.389
2024-08-07 08:31:57,ETHUSDT,bid,2440,4283.858
2024-08-07 08:32:10,ETHUSDT,bid,2370,7567.826
2024-08-07 08:33:09,ETHUSDT,bid,2370,7565.817
2024-08-07 08:33:21,ETHUSDT,bid,2370,7565.727
2024-08-07 08:33:47,ETHUSDT,ask,2730,3672.724
2024-08-07 08:34:09,ETHUSDT,bid,2380,7665.232
2024-08-07 08:34:27,ETHUSDT,bid,2270,4476.584
2024-08-07 08:35:00,ETHUSDT,bid,2380,7610.079
2024-08-07 08:35:00,ETHUSDT,bid,2380,7593.928
2024-08-07 08:35:00,ETHUSDT,bid,2380,7555.438
2024-08-07 08:35:08,ETHUSDT,bid,2370,7565.441
2024-08-07 08:35:10,ETHUSDT,bid,2270,4476.573
2024-08-07 08:36:08,ETHUSDT,bid,2370,7563.851
2024-08-07 08:36:16,ETHUSDT,bid,2270,4476.409
2024-08-07 08:37:07,ETHUSDT,bid,2380,7548.318
2024-08-07 08:38:07,ETHUSDT,bid,2380,7536.804
2024-08-07 08:38:58,ETHUSDT,ask,2710,3733.765
2024-08-07 08:39:06,ETHUSDT,bid,2380,7531.475
2024-08-07 08:39:26,ETHUSDT,ask,2710,3733.765
2024-08-07 08:39:28,ETHUSDT,ask,2710,3733.745
2024-08-07 08:40:05,ETHUSDT,bid,2390,7524.202
2024-08-07 08:41:04,ETHUSDT,bid,2390,7503.564
2024-08-07 08:42:04,ETHUSDT,bid,2400,7485.447
2024-08-07 08:44:03,ETHUSDT,bid,2390,7503.251
2024-08-07 08:44:03,ETHUSDT,bid,2390,7503.251
2024-08-07 08:44:03,ETHUSDT,bid,2390,7503.251
2024-08-07 08:45:02,ETHUSDT,bid,2400,7498.291
2024-08-07 08:45:02,ETHUSDT,bid,2400,7498.291
2024-08-07 08:45:02,ETHUSDT,bid,2400,7498.291
2024-08-07 08:45:13,ETHUSDT,ask,2710,3733.755
2024-08-07 08:45:13,ETHUSDT,ask,2710,3733.755
2024-08-07 08:45:13,ETHUSDT,ask,2710,3733.755
2024-08-07 08:46:02,ETHUSDT,bid,2400,7495.533
2024-08-07 08:46:02,ETHUSDT,bid,2400,7495.533
2024-08-07 08:46:02,ETHUSDT,bid,2400,7495.533
2024-08-07 08:47:01,ETHUSDT,bid,2400,7489.296
2024-08-07 08:47:01,ETHUSDT,bid,2400,7489.296
2024-08-07 08:47:01,ETHUSDT,bid,2400,7489.296
2024-08-07 08:47:17,ETHUSDT,bid,1940,5407.14
2024-08-07 08:47:17,ETHUSDT,bid,1940,5407.14
2024-08-07 08:47:17,ETHUSDT,bid,1940,5407.14
2024-08-07 08:48:00,ETHUSDT,bid,2400,7475.952
2024-08-07 08:48:00,ETHUSDT,bid,2400,7475.952
2024-08-07 08:48:00,ETHUSDT,bid,2400,7475.952
2024-08-07 08:48:28,ETHUSDT,bid,2230,4514.596
2024-08-07 08:48:28,ETHUSDT,bid,2230,4514.596
2024-08-07 08:48:28,ETHUSDT,bid,2230,4514.596
2024-08-07 08:48:32,ETHUSDT,bid,2230,4514.576
2024-08-07 08:48:32,ETHUSDT,bid,2230,4514.576
2024-08-07 08:48:32,ETHUSDT,bid,2230,4514.576
2024-08-07 08:49:00,ETHUSDT,bid,2400,7481.638
2024-08-07 08:49:00,ETHUSDT,bid,2400,7481.638
2024-08-07 08:49:00,ETHUSDT,bid,2400,7481.638
2024-08-07 08:49:14,ETHUSDT,ask,2680,3848.532
2024-08-07 08:49:14,ETHUSDT,ask,2680,3848.532
2024-08-07 08:49:14,ETHUSDT,ask,2680,3848.532
2024-08-07 08:49:59,ETHUSDT,bid,2410,7455.948
2024-08-07 08:49:59,ETHUSDT,ask,2730,3651.28
2024-08-07 08:49:59,ETHUSDT,bid,2410,7455.948
2024-08-07 08:49:59,ETHUSDT,ask,2730,3651.28
2024-08-07 08:49:59,ETHUSDT,bid,2410,7455.948
2024-08-07 08:49:59,ETHUSDT,ask,2730,3651.28
2024-08-07 08:50:09,ETHUSDT,bid,2470,4141.07
2024-08-07 08:50:09,ETHUSDT,bid,2470,4141.07
2024-08-07 08:50:09,ETHUSDT,bid,2470,4141.07
2024-08-07 08:50:14,ETHUSDT,bid,1950,5131.711
2024-08-07 08:50:14,ETHUSDT,bid,1950,5131.711
2024-08-07 08:50:14,ETHUSDT,bid,1950,5131.711
2024-08-07 08:50:20,ETHUSDT,bid,2480,8002.141
2024-08-07 08:50:20,ETHUSDT,bid,2480,8002.141
2024-08-07 08:50:20,ETHUSDT,bid,2480,8002.141
2024-08-07 08:50:22,ETHUSDT,bid,2480,8002.216
2024-08-07 08:50:22,ETHUSDT,bid,2480,8002.216
2024-08-07 08:50:22,ETHUSDT,bid,2480,8002.216
2024-08-07 08:50:23,ETHUSDT,bid,2480,8002.156
2024-08-07 08:50:23,ETHUSDT,bid,2480,8002.156
2024-08-07 08:50:23,ETHUSDT,bid,2480,8002.156
2024-08-07 08:50:25,ETHUSDT,bid,2480,8002.235
2024-08-07 08:50:25,ETHUSDT,bid,2480,8002.235
2024-08-07 08:50:25,ETHUSDT,bid,2480,8002.235
2024-08-07 08:50:25,ETHUSDT,bid,2480,8016.383
2024-08-07 08:50:25,ETHUSDT,bid,2480,8016.383
2024-08-07 08:50:25,ETHUSDT,bid,2480,8016.383
2024-08-07 08:50:28,ETHUSDT,bid,2480,8003.068
2024-08-07 08:50:28,ETHUSDT,bid,2480,8003.068
2024-08-07 08:50:29,ETHUSDT,bid,2480,8003.068
2024-08-07 08:50:31,ETHUSDT,bid,2480,8002.783
2024-08-07 08:50:31,ETHUSDT,bid,2480,8002.783
2024-08-07 08:50:31,ETHUSDT,bid,2480,8002.783
2024-08-07 08:50:33,ETHUSDT,bid,2480,8003.611
2024-08-07 08:50:33,ETHUSDT,bid,2480,8003.611
2024-08-07 08:50:33,ETHUSDT,bid,2480,8003.611
2024-08-07 08:50:34,ETHUSDT,bid,2410,7455.965
2024-08-07 08:50:34,ETHUSDT,bid,2410,7455.965
2024-08-07 08:50:34,ETHUSDT,bid,2410,7455.965
2024-08-07 08:50:38,ETHUSDT,bid,2480,8003.068
2024-08-07 08:50:38,ETHUSDT,bid,2480,8003.068
2024-08-07 08:50:38,ETHUSDT,bid,2480,8003.068
2024-08-07 08:50:44,ETHUSDT,bid,2410,7455.948
2024-08-07 08:50:44,ETHUSDT,bid,2410,7455.948
2024-08-07 08:50:44,ETHUSDT,bid,2410,7455.948
2024-08-07 08:50:59,ETHUSDT,bid,2410,7443.891
2024-08-07 08:50:59,ETHUSDT,bid,2410,7443.891
2024-08-07 08:50:59,ETHUSDT,bid,2410,7443.891
2024-08-07 08:51:58,ETHUSDT,ask,2680,3847.532
2024-08-07 08:51:58,ETHUSDT,ask,2680,3847.532
2024-08-07 08:51:58,ETHUSDT,bid,2410,7444.107
2024-08-07 08:51:58,ETHUSDT,bid,2410,7444.107
2024-08-07 08:51:58,ETHUSDT,ask,2680,3847.532
2024-08-07 08:51:58,ETHUSDT,bid,2410,7444.107
2024-08-07 08:52:57,ETHUSDT,bid,2410,7443.107
2024-08-07 08:52:57,ETHUSDT,bid,2410,7443.107
2024-08-07 08:52:58,ETHUSDT,bid,2410,7443.107
2024-08-07 08:53:57,ETHUSDT,bid,2420,7433.04
2024-08-07 08:53:57,ETHUSDT,bid,2420,7433.04
2024-08-07 08:53:57,ETHUSDT,bid,2420,7433.04
2024-08-07 08:54:56,ETHUSDT,bid,2410,7445.338
2024-08-07 08:54:56,ETHUSDT,bid,2410,7445.338
2024-08-07 08:54:57,ETHUSDT,bid,2410,7445.338
2024-08-07 08:55:04,ETHUSDT,ask,2680,3846.187
2024-08-07 08:55:04,ETHUSDT,ask,2680,3846.187
2024-08-07 08:55:04,ETHUSDT,ask,2680,3846.187
2024-08-07 08:55:56,ETHUSDT,bid,2410,7445.954
2024-08-07 08:55:56,ETHUSDT,bid,2410,7445.954
2024-08-07 08:55:56,ETHUSDT,bid,2410,7445.954
2024-08-07 08:56:55,ETHUSDT,bid,2420,7436.428
2024-08-07 08:56:55,ETHUSDT,bid,2420,7436.428
2024-08-07 08:56:55,ETHUSDT,bid,2420,7436.428
2024-08-07 08:57:55,ETHUSDT,bid,2420,7425.436
2024-08-07 08:57:55,ETHUSDT,bid,2420,7425.436
2024-08-07 08:57:55,ETHUSDT,bid,2420,7425.436
2024-08-07 08:58:54,ETHUSDT,bid,2420,7427.626
2024-08-07 08:58:54,ETHUSDT,bid,2420,7427.626
2024-08-07 08:58:54,ETHUSDT,bid,2420,7427.626
2024-08-07 08:59:54,ETHUSDT,bid,2420,7427.566
2024-08-07 08:59:54,ETHUSDT,bid,2420,7427.566
2024-08-07 08:59:54,ETHUSDT,bid,2420,7427.566
2024-08-07 09:00:53,ETHUSDT,bid,2420,7436.387
2024-08-07 09:00:53,ETHUSDT,bid,2420,7436.387
2024-08-07 09:00:53,ETHUSDT,bid,2420,7436.387
2024-08-07 09:01:15,ETHUSDT,bid,2270,4476.392
2024-08-07 09:01:15,ETHUSDT,bid,2270,4476.392
2024-08-07 09:01:15,ETHUSDT,bid,2270,4476.392
2024-08-07 09:01:52,ETHUSDT,bid,2410,7476.379
2024-08-07 09:01:52,ETHUSDT,bid,2410,7476.379
2024-08-07 09:01:52,ETHUSDT,bid,2410,7476.379
2024-08-07 09:02:04,ETHUSDT,bid,1680,6035.123
2024-08-07 09:02:04,ETHUSDT,bid,1700,6076.056
2024-08-07 09:02:04,ETHUSDT,bid,1710,5884.204
2024-08-07 09:02:04,ETHUSDT,bid,1960,5146.015
2024-08-07 09:02:04,ETHUSDT,bid,1680,6035.123
2024-08-07 09:02:04,ETHUSDT,bid,1700,6076.056
2024-08-07 09:02:04,ETHUSDT,bid,1710,5884.204
2024-08-07 09:02:04,ETHUSDT,bid,1960,5146.015
2024-08-07 09:02:04,ETHUSDT,bid,1680,6035.123
2024-08-07 09:02:04,ETHUSDT,bid,1700,6076.056
2024-08-07 09:02:04,ETHUSDT,bid,1710,5884.204
2024-08-07 09:02:04,ETHUSDT,bid,1960,5146.015
2024-08-07 09:02:51,ETHUSDT,bid,2410,7450.732
2024-08-07 09:02:51,ETHUSDT,bid,2410,7450.732
2024-08-07 09:02:51,ETHUSDT,bid,2410,7450.732
2024-08-07 09:03:51,ETHUSDT,bid,2410,7448.542
2024-08-07 09:03:51,ETHUSDT,bid,2410,7448.542
2024-08-07 09:03:51,ETHUSDT,bid,2410,7448.542
2024-08-07 09:04:05,ETHUSDT,ask,2680,3845.989
2024-08-07 09:04:05,ETHUSDT,ask,2710,3733.154
2024-08-07 09:04:05,ETHUSDT,ask,2730,3672.754
2024-08-07 09:04:05,ETHUSDT,ask,2680,3845.989
2024-08-07 09:04:05,ETHUSDT,ask,2710,3733.154
2024-08-07 09:04:05,ETHUSDT,ask,2730,3672.754
2024-08-07 09:04:05,ETHUSDT,ask,2680,3845.989
2024-08-07 09:04:05,ETHUSDT,ask,2710,3733.154
2024-08-07 09:04:05,ETHUSDT,ask,2730,3672.754
2024-08-07 09:04:19,ETHUSDT,ask,2730,3651.316
2024-08-07 09:04:19,ETHUSDT,ask,2730,3651.316
2024-08-07 09:04:19,ETHUSDT,ask,2730,3651.316
2024-08-07 09:04:28,ETHUSDT,ask,2730,3651.308
2024-08-07 09:04:28,ETHUSDT,ask,2730,3651.308
2024-08-07 09:04:28,ETHUSDT,ask,2730,3651.308
2024-08-07 09:04:28,ETHUSDT,ask,2730,3651.3
2024-08-07 09:04:28,ETHUSDT,ask,2730,3651.3
2024-08-07 09:04:28,ETHUSDT,ask,2730,3651.3
2024-08-07 09:06:09,ETHUSDT,bid,2480,4119.23
2024-08-07 09:06:09,ETHUSDT,bid,2480,4119.23
2024-08-07 09:06:09,ETHUSDT,bid,2480,4119.23
2024-08-07 09:06:17,ETHUSDT,bid,2480,4119.109
2024-08-07 09:06:17,ETHUSDT,bid,2480,4119.109
2024-08-07 09:06:17,ETHUSDT,bid,2480,4119.109
2024-08-07 09:06:18,ETHUSDT,bid,2480,4119.192
2024-08-07 09:06:18,ETHUSDT,bid,2480,4119.192
2024-08-07 09:06:18,ETHUSDT,bid,2480,4119.192
2024-08-07 09:06:20,ETHUSDT,bid,2480,4119.212
2024-08-07 09:06:20,ETHUSDT,bid,2480,4119.212
2024-08-07 09:06:20,ETHUSDT,bid,2480,4119.212
2024-08-07 09:06:24,ETHUSDT,bid,2480,4119.129
2024-08-07 09:06:24,ETHUSDT,bid,2480,4119.129
2024-08-07 09:06:24,ETHUSDT,bid,2480,4119.129
2024-08-07 09:06:36,ETHUSDT,bid,2480,4129.129
2024-08-07 09:06:36,ETHUSDT,bid,2480,4129.129
2024-08-07 09:06:36,ETHUSDT,bid,2480,4119.129
2024-08-07 09:06:36,ETHUSDT,bid,2480,4119.129
2024-08-07 09:06:36,ETHUSDT,bid,2480,4129.129
2024-08-07 09:06:36,ETHUSDT,bid,2480,4119.129
2024-08-07 09:06:42,ETHUSDT,bid,2480,4135.129
2024-08-07 09:06:42,ETHUSDT,bid,2480,4135.129
2024-08-07 09:06:42,ETHUSDT,bid,2480,4135.129
2024-08-07 09:06:44,ETHUSDT,bid,2480,4119.129
2024-08-07 09:06:44,ETHUSDT,bid,2480,4119.129
2024-08-07 09:06:44,ETHUSDT,bid,2480,4119.129
2024-08-07 09:06:49,ETHUSDT,bid,2410,7454.589
2024-08-07 09:06:49,ETHUSDT,bid,2410,7454.589
2024-08-07 09:06:49,ETHUSDT,bid,2410,7454.589
2024-08-07 09:06:52,ETHUSDT,ask,2730,3651.308
2024-08-07 09:06:52,ETHUSDT,ask,2730,3651.308
2024-08-07 09:06:52,ETHUSDT,ask,2730,3651.308
2024-08-07 09:06:58,ETHUSDT,ask,2730,3651.316
2024-08-07 09:06:58,ETHUSDT,ask,2730,3651.316
2024-08-07 09:06:59,ETHUSDT,ask,2730,3651.316
2024-08-07 09:06:59,ETHUSDT,bid,2480,4119.308
2024-08-07 09:06:59,ETHUSDT,bid,2480,4119.308
2024-08-07 09:06:59,ETHUSDT,bid,2480,4119.308
2024-08-07 09:07:00,ETHUSDT,bid,2480,4117.69
2024-08-07 09:07:00,ETHUSDT,bid,2480,4117.69
2024-08-07 09:07:01,ETHUSDT,bid,2480,4117.69
2024-08-07 09:07:01,ETHUSDT,ask,2730,3651.308
2024-08-07 09:07:01,ETHUSDT,ask,2730,3651.308
2024-08-07 09:07:01,ETHUSDT,ask,2730,3651.308
2024-08-07 09:07:02,ETHUSDT,ask,2730,3651.288
2024-08-07 09:07:02,ETHUSDT,ask,2730,3651.288
2024-08-07 09:07:02,ETHUSDT,ask,2730,3651.288
2024-08-07 09:07:04,ETHUSDT,bid,2480,4117.675
2024-08-07 09:07:04,ETHUSDT,bid,2480,4117.675
2024-08-07 09:07:04,ETHUSDT,bid,2480,4117.675
2024-08-07 09:07:07,ETHUSDT,bid,2480,4117.758
2024-08-07 09:07:07,ETHUSDT,bid,2480,4117.758
2024-08-07 09:07:07,ETHUSDT,bid,2480,4117.758
2024-08-07 09:07:08,ETHUSDT,bid,2480,4117.675
2024-08-07 09:07:08,ETHUSDT,bid,2480,4117.675
2024-08-07 09:07:08,ETHUSDT,bid,2480,4117.675
2024-08-07 09:07:17,ETHUSDT,bid,2480,4117.619
2024-08-07 09:07:17,ETHUSDT,bid,2480,4117.619
2024-08-07 09:07:18,ETHUSDT,bid,2480,4117.619
2024-08-07 09:07:25,ETHUSDT,bid,2480,4117.917
2024-08-07 09:07:25,ETHUSDT,bid,2480,4117.917
2024-08-07 09:07:25,ETHUSDT,bid,2480,4117.917
2024-08-07 09:07:31,ETHUSDT,bid,2480,4120.917
2024-08-07 09:07:31,ETHUSDT,bid,2480,4120.917
2024-08-07 09:07:31,ETHUSDT,bid,2480,4120.917
2024-08-07 09:07:36,ETHUSDT,bid,2480,4124.949
2024-08-07 09:07:36,ETHUSDT,bid,2480,4124.949
2024-08-07 09:07:36,ETHUSDT,bid,2480,4124.949
2024-08-07 09:07:48,ETHUSDT,bid,2420,7433.071
2024-08-07 09:07:48,ETHUSDT,bid,2420,7433.071
2024-08-07 09:07:49,ETHUSDT,bid,2420,7433.071
2024-08-07 09:07:51,ETHUSDT,bid,2480,4124.449
2024-08-07 09:07:51,ETHUSDT,bid,2480,4124.449
2024-08-07 09:07:51,ETHUSDT,bid,2480,4124.449
2024-08-07 09:08:15,ETHUSDT,bid,2480,4124.469
2024-08-07 09:08:15,ETHUSDT,bid,2480,4124.469
2024-08-07 09:08:15,ETHUSDT,bid,2480,4124.469
2024-08-07 09:08:28,ETHUSDT,bid,2270,4476.219
2024-08-07 09:08:28,ETHUSDT,bid,2270,4476.219
2024-08-07 09:08:28,ETHUSDT,bid,2270,4476.219
2024-08-07 09:08:33,ETHUSDT,bid,2480,4134.469
2024-08-07 09:08:33,ETHUSDT,bid,2480,4134.469
2024-08-07 09:08:33,ETHUSDT,bid,2480,4134.469
2024-08-07 09:08:48,ETHUSDT,bid,2420,7430.567
2024-08-07 09:08:48,ETHUSDT,bid,2420,7430.567
2024-08-07 09:08:48,ETHUSDT,bid,2420,7430.567
2024-08-07 09:08:59,ETHUSDT,bid,1680,6035.09
2024-08-07 09:08:59,ETHUSDT,bid,1700,6076.023
2024-08-07 09:08:59,ETHUSDT,bid,1960,5145.987
2024-08-07 09:08:59,ETHUSDT,bid,1680,6035.09
2024-08-07 09:08:59,ETHUSDT,bid,1700,6076.023
2024-08-07 09:08:59,ETHUSDT,bid,1960,5145.987
2024-08-07 09:08:59,ETHUSDT,bid,1680,6035.09
2024-08-07 09:08:59,ETHUSDT,bid,1700,6076.023
2024-08-07 09:08:59,ETHUSDT,bid,1960,5145.987
2024-08-07 09:09:47,ETHUSDT,bid,2420,7433.869
2024-08-07 09:09:47,ETHUSDT,bid,2420,7433.869
2024-08-07 09:09:47,ETHUSDT,bid,2420,7433.869
2024-08-07 09:10:03,ETHUSDT,bid,2420,7433.959
2024-08-07 09:10:03,ETHUSDT,bid,2420,7433.959
2024-08-07 09:10:03,ETHUSDT,bid,2420,7433.959
2024-08-07 09:10:04,ETHUSDT,ask,2680,3846.467
2024-08-07 09:10:04,ETHUSDT,ask,2680,3846.467
2024-08-07 09:10:04,ETHUSDT,ask,2680,3846.467
2024-08-07 09:10:15,ETHUSDT,bid,2420,7433.869
2024-08-07 09:10:15,ETHUSDT,bid,2420,7433.869
2024-08-07 09:10:15,ETHUSDT,bid,2420,7433.869
2024-08-07 09:10:47,ETHUSDT,bid,2410,7445.523
2024-08-07 09:10:47,ETHUSDT,bid,2410,7445.523
2024-08-07 09:10:47,ETHUSDT,bid,2410,7445.523
2024-08-07 09:11:26,ETHUSDT,ask,2500,10533.998
2024-08-07 09:11:26,ETHUSDT,ask,2500,10533.998
2024-08-07 09:11:26,ETHUSDT,ask,2500,10533.998
2024-08-07 09:11:29,ETHUSDT,ask,2500,10533.451
2024-08-07 09:11:29,ETHUSDT,ask,2500,10533.451
2024-08-07 09:11:29,ETHUSDT,ask,2500,10533.451
2024-08-07 09:11:29,ETHUSDT,ask,2500,10541.204
2024-08-07 09:11:29,ETHUSDT,ask,2500,10541.204
2024-08-07 09:11:29,ETHUSDT,ask,2500,10541.204
2024-08-07 09:11:42,ETHUSDT,ask,2500,10543.038
2024-08-07 09:11:42,ETHUSDT,ask,2500,10543.038
2024-08-07 09:11:42,ETHUSDT,ask,2500,10543.038
2024-08-07 09:11:45,ETHUSDT,ask,2500,10542.538
2024-08-07 09:11:45,ETHUSDT,ask,2500,10542.538
2024-08-07 09:11:45,ETHUSDT,ask,2500,10542.538
2024-08-07 09:11:46,ETHUSDT,bid,2410,7448.912
2024-08-07 09:11:46,ETHUSDT,bid,2410,7448.912
2024-08-07 09:11:46,ETHUSDT,bid,2410,7448.912
2024-08-07 09:11:52,ETHUSDT,ask,2500,10542.738
2024-08-07 09:11:52,ETHUSDT,ask,2500,10542.738
2024-08-07 09:11:52,ETHUSDT,ask,2500,10542.738
2024-08-07 09:12:03,ETHUSDT,ask,2500,10541.228
2024-08-07 09:12:03,ETHUSDT,ask,2500,10541.228
2024-08-07 09:12:03,ETHUSDT,ask,2500,10541.228
2024-08-07 09:12:45,ETHUSDT,bid,2410,7454.99
2024-08-07 09:12:45,ETHUSDT,bid,2410,7454.99
2024-08-07 09:12:45,ETHUSDT,bid,2410,7454.99
2024-08-07 09:13:45,ETHUSDT,bid,2410,7461.479
2024-08-07 09:13:45,ETHUSDT,bid,2410,7461.479
2024-08-07 09:13:45,ETHUSDT,bid,2410,7461.479
2024-08-07 09:13:50,ETHUSDT,ask,2730,3658.428
2024-08-07 09:13:50,ETHUSDT,ask,2730,3658.428
2024-08-07 09:13:50,ETHUSDT,ask,2730,3658.428
2024-08-07 09:13:53,ETHUSDT,ask,2730,3658.436
2024-08-07 09:13:53,ETHUSDT,ask,2730,3658.436
2024-08-07 09:13:53,ETHUSDT,ask,2730,3658.436
2024-08-07 09:13:59,ETHUSDT,ask,2730,3658.456
2024-08-07 09:13:59,ETHUSDT,ask,2730,3658.456
2024-08-07 09:13:59,ETHUSDT,ask,2730,3658.456
2024-08-07 09:13:59,ETHUSDT,ask,2730,3658.456
2024-08-07 09:13:59,ETHUSDT,ask,2730,3658.456
2024-08-07 09:13:59,ETHUSDT,ask,2730,3658.456
2024-08-07 09:14:01,ETHUSDT,ask,4000,2676.409
2024-08-07 09:14:01,ETHUSDT,ask,4000,2676.409
2024-08-07 09:14:01,ETHUSDT,ask,4000,2676.409
2024-08-07 09:14:02,ETHUSDT,ask,2730,3658.448
2024-08-07 09:14:02,ETHUSDT,ask,2730,3658.448
2024-08-07 09:14:02,ETHUSDT,ask,2730,3658.448
2024-08-07 09:14:08,ETHUSDT,ask,2730,3658.44
2024-08-07 09:14:08,ETHUSDT,ask,2730,3658.44
2024-08-07 09:14:08,ETHUSDT,ask,2730,3658.44
2024-08-07 09:14:29,ETHUSDT,ask,2730,3658.42
2024-08-07 09:14:29,ETHUSDT,ask,2730,3658.42
2024-08-07 09:14:29,ETHUSDT,ask,2730,3658.42
2024-08-07 09:14:44,ETHUSDT,bid,2410,7466.184
2024-08-07 09:14:44,ETHUSDT,bid,2410,7466.184
2024-08-07 09:14:44,ETHUSDT,bid,2410,7466.184
2024-08-07 09:14:47,ETHUSDT,ask,2730,3658.4
2024-08-07 09:14:47,ETHUSDT,ask,2730,3658.4
2024-08-07 09:14:47,ETHUSDT,ask,2730,3658.4
2024-08-07 09:14:58,ETHUSDT,ask,2730,3658.408
2024-08-07 09:14:58,ETHUSDT,ask,2730,3658.408
2024-08-07 09:14:58,ETHUSDT,ask,2730,3658.408
2024-08-07 09:15:00,ETHUSDT,bid,2480,4238.384
2024-08-07 09:15:00,ETHUSDT,bid,2480,4238.384
2024-08-07 09:15:00,ETHUSDT,bid,2480,4238.384
2024-08-07 09:15:01,ETHUSDT,bid,2480,4236.38
2024-08-07 09:15:01,ETHUSDT,bid,2480,4236.38
2024-08-07 09:15:01,ETHUSDT,bid,2480,4236.38
2024-08-07 09:15:02,ETHUSDT,bid,2480,4238.234
2024-08-07 09:15:02,ETHUSDT,bid,2480,4238.234
2024-08-07 09:15:02,ETHUSDT,bid,2480,4238.234
2024-08-07 09:15:03,ETHUSDT,bid,2480,4236.607
2024-08-07 09:15:03,ETHUSDT,bid,2480,4236.607
2024-08-07 09:15:03,ETHUSDT,bid,2480,4236.607
2024-08-07 09:15:05,ETHUSDT,bid,2480,4236.457
2024-08-07 09:15:05,ETHUSDT,bid,2480,4236.457
2024-08-07 09:15:05,ETHUSDT,bid,2480,4236.457
2024-08-07 09:15:07,ETHUSDT,ask,2730,3658.4
2024-08-07 09:15:07,ETHUSDT,ask,2730,3658.4
2024-08-07 09:15:07,ETHUSDT,ask,2730,3658.4
2024-08-07 09:15:09,ETHUSDT,bid,2480,4234.603
2024-08-07 09:15:09,ETHUSDT,bid,2480,4234.603
2024-08-07 09:15:09,ETHUSDT,bid,2480,4234.603
2024-08-07 09:15:15,ETHUSDT,bid,1710,5884.217
2024-08-07 09:15:15,ETHUSDT,bid,1710,5884.217
2024-08-07 09:15:15,ETHUSDT,bid,1710,5884.217
2024-08-07 09:15:19,ETHUSDT,bid,2480,4308.143
2024-08-07 09:15:19,ETHUSDT,bid,2480,4308.143
2024-08-07 09:15:19,ETHUSDT,bid,2480,4308.143
2024-08-07 09:15:19,ETHUSDT,bid,2480,4309.997
2024-08-07 09:15:19,ETHUSDT,bid,2480,4309.997
2024-08-07 09:15:19,ETHUSDT,bid,2480,4309.997
2024-08-07 09:15:19,ETHUSDT,bid,2480,4311.981
2024-08-07 09:15:19,ETHUSDT,bid,2480,4311.981
2024-08-07 09:15:19,ETHUSDT,bid,2480,4311.981
2024-08-07 09:15:44,ETHUSDT,bid,2400,7472.507
2024-08-07 09:15:44,ETHUSDT,bid,2400,7472.507
2024-08-07 09:15:44,ETHUSDT,bid,2400,7472.507
2024-08-07 09:16:06,ETHUSDT,ask,2730,3672.774
2024-08-07 09:16:06,ETHUSDT,ask,2730,3672.774
2024-08-07 09:16:06,ETHUSDT,ask,2730,3672.774
2024-08-07 09:16:25,ETHUSDT,ask,2730,3672.754
2024-08-07 09:16:25,ETHUSDT,ask,2730,3672.754
2024-08-07 09:16:25,ETHUSDT,ask,2730,3672.754
2024-08-07 09:16:43,ETHUSDT,bid,2400,7470.646
2024-08-07 09:16:43,ETHUSDT,bid,2400,7470.646
2024-08-07 09:16:43,ETHUSDT,bid,2400,7470.646
2024-08-07 09:17:42,ETHUSDT,bid,2410,7463.676
2024-08-07 09:17:42,ETHUSDT,bid,2410,7463.676
2024-08-07 09:17:42,ETHUSDT,bid,2410,7463.676
2024-08-07 09:18:17,ETHUSDT,ask,2730,3651.308
2024-08-07 09:18:17,ETHUSDT,ask,2730,3651.308
2024-08-07 09:18:18,ETHUSDT,ask,2730,3651.308
2024-08-07 09:18:42,ETHUSDT,bid,2410,7457.531
2024-08-07 09:18:42,ETHUSDT,bid,2410,7457.531
2024-08-07 09:18:42,ETHUSDT,bid,2410,7457.531
2024-08-07 09:19:06,ETHUSDT,ask,4000,2676.517
2024-08-07 09:19:06,ETHUSDT,ask,4000,2676.517
2024-08-07 09:19:06,ETHUSDT,ask,4000,2676.517
2024-08-07 09:19:41,ETHUSDT,bid,2410,7461.479
2024-08-07 09:19:41,ETHUSDT,bid,2410,7461.479
2024-08-07 09:19:41,ETHUSDT,bid,2410,7461.479
