2024-08-08 00:01:33,BTCUSDT,ask,57700,522.593
2024-08-08 00:05:03,BTCUSDT,bid,47500,633.006
2024-08-08 00:05:15,BTCUSDT,bid,47000,870.444
2024-08-08 00:06:09,BTCUSDT,ask,57700,522.589
2024-08-08 00:06:49,BTCUSDT,bid,56200,1001.498
2024-08-08 00:06:50,BTCUSDT,bid,56200,1001.762
2024-08-08 00:06:50,BTCUSDT,bid,56200,1001.506
2024-08-08 00:06:50,BTCUSDT,bid,56200,1001.498
2024-08-08 00:06:52,BTCUSDT,bid,56200,1001.896
2024-08-08 00:06:53,BTCUSDT,bid,56200,1001.906
2024-08-08 00:06:56,BTCUSDT,bid,56200,1001.92
2024-08-08 00:06:57,BTCUSDT,bid,56200,1001.906
2024-08-08 00:06:57,BTCUSDT,bid,56200,1001.92
2024-08-08 00:06:57,BTCUSDT,bid,56200,1001.906
2024-08-08 00:07:01,BTCUSDT,bid,56200,1001.908
2024-08-08 00:07:01,BTCUSDT,bid,56200,1001.906
2024-08-08 00:07:02,BTCUSDT,bid,56200,1002.528
2024-08-08 00:07:02,BTCUSDT,bid,56200,1001.906
2024-08-08 00:07:17,BTCUSDT,bid,56200,1001.435
2024-08-08 00:07:19,BTCUSDT,bid,56200,1001.585
2024-08-08 00:07:20,BTCUSDT,bid,56200,1001.425
2024-08-08 00:07:21,BTCUSDT,bid,56200,1001.505
2024-08-08 00:07:21,BTCUSDT,bid,56200,1001.585
2024-08-08 00:07:30,BTCUSDT,bid,47500,632.614
2024-08-08 00:09:33,BTCUSDT,bid,47500,632.888
2024-08-08 00:11:46,BTCUSDT,bid,47000,870.454
2024-08-08 00:11:56,BTCUSDT,bid,55900,1011.602
2024-08-08 00:11:57,BTCUSDT,bid,55900,1011.513
2024-08-08 00:11:59,BTCUSDT,bid,55900,1011.523
2024-08-08 00:13:30,BTCUSDT,bid,47500,632.881
2024-08-08 00:14:00,BTCUSDT,ask,57700,522.545
2024-08-08 00:14:07,BTCUSDT,ask,57700,522.578
2024-08-08 00:14:44,BTCUSDT,ask,57700,522.216
2024-08-08 00:19:12,BTCUSDT,bid,47000,870.466
2024-08-08 00:19:34,BTCUSDT,bid,47500,632.916
2024-08-08 00:20:22,BTCUSDT,bid,47500,632.881
2024-08-08 00:21:40,BTCUSDT,bid,47500,633.133
2024-08-08 00:21:51,BTCUSDT,ask,57700,521.584
2024-08-08 00:21:57,BTCUSDT,ask,57700,521.305
2024-08-08 00:22:27,BTCUSDT,bid,47000,870.739
2024-08-08 00:24:22,BTCUSDT,bid,47500,633.136
2024-08-08 00:25:18,BTCUSDT,bid,47000,870.76
2024-08-08 00:26:03,BTCUSDT,bid,47000,870.487
2024-08-08 00:29:15,BTCUSDT,ask,57700,521.203
2024-08-08 00:31:49,BTCUSDT,ask,57700,521.246
2024-08-08 00:34:37,BTCUSDT,bid,47500,632.862
2024-08-08 00:36:38,BTCUSDT,bid,47500,632.922
2024-08-08 00:36:57,BTCUSDT,bid,47500,642.922
2024-08-08 00:37:06,BTCUSDT,ask,57700,521.235
2024-08-08 00:37:54,BTCUSDT,bid,47000,870.49
2024-08-08 00:37:54,BTCUSDT,bid,47500,642.925
2024-08-08 00:41:27,BTCUSDT,ask,57700,521.239
2024-08-08 00:42:34,BTCUSDT,bid,47000,870.527
2024-08-08 00:44:04,BTCUSDT,ask,57700,522.067
2024-08-08 00:46:33,BTCUSDT,ask,57700,522.064
2024-08-08 00:47:08,BTCUSDT,bid,47000,870.569
2024-08-08 00:48:52,BTCUSDT,ask,57700,522.039
2024-08-08 00:49:39,BTCUSDT,ask,57700,521.939
2024-08-08 00:56:23,BTCUSDT,bid,47500,642.929
2024-08-08 00:57:03,BTCUSDT,bid,47000,870.465
2024-08-08 00:58:03,BTCUSDT,bid,47000,869.712
2024-08-08 00:58:24,BTCUSDT,ask,57700,521.944
2024-08-08 01:00:07,BTCUSDT,bid,47000,869.675
2024-08-08 01:01:00,BTCUSDT,bid,47000,869.672
2024-08-08 01:02:02,BTCUSDT,ask,57700,521.941
2024-08-08 01:02:27,BTCUSDT,bid,47000,869.675
2024-08-08 01:07:55,BTCUSDT,bid,47000,869.718
2024-08-08 01:08:03,BTCUSDT,bid,47500,642.869
2024-08-08 01:08:17,BTCUSDT,ask,57700,521.794
2024-08-08 01:08:22,BTCUSDT,bid,47500,642.873
2024-08-08 01:08:28,BTCUSDT,bid,47500,642.869
2024-08-08 01:08:55,BTCUSDT,ask,57700,521.783
2024-08-08 01:08:55,BTCUSDT,bid,47500,642.769
2024-08-08 01:09:25,BTCUSDT,bid,47500,642.869
2024-08-08 01:09:50,BTCUSDT,bid,47000,869.731
2024-08-08 01:11:56,BTCUSDT,bid,47000,869.784
2024-08-08 01:12:10,BTCUSDT,bid,47000,869.799
2024-08-08 01:12:23,BTCUSDT,bid,47000,869.786
2024-08-08 01:15:00,BTCUSDT,bid,47000,869.85
2024-08-08 01:16:21,BTCUSDT,bid,47000,869.807
2024-08-08 01:16:45,BTCUSDT,ask,57700,521.782
2024-08-08 01:16:59,BTCUSDT,bid,47500,642.92
2024-08-08 01:17:29,BTCUSDT,bid,47000,869.804
2024-08-08 01:17:36,BTCUSDT,bid,47000,869.751
2024-08-08 01:18:04,BTCUSDT,ask,57700,521.779
2024-08-08 01:20:20,BTCUSDT,bid,47000,869.76
2024-08-08 01:22:44,BTCUSDT,ask,57700,521.745
2024-08-08 01:23:12,BTCUSDT,bid,47000,869.767
2024-08-08 01:25:27,BTCUSDT,bid,47500,642.875
2024-08-08 01:26:53,BTCUSDT,bid,47000,869.567
2024-08-08 01:27:27,BTCUSDT,bid,55200,601.12
2024-08-08 01:27:30,BTCUSDT,bid,55200,601.122
2024-08-08 01:27:31,BTCUSDT,bid,55200,601.038
2024-08-08 01:27:55,BTCUSDT,bid,47000,869.584
2024-08-08 01:28:37,BTCUSDT,ask,57700,521.735
2024-08-08 01:35:41,BTCUSDT,bid,47000,869.604
2024-08-08 01:35:50,BTCUSDT,bid,47000,869.583
2024-08-08 01:36:13,BTCUSDT,bid,47000,869.563
2024-08-08 01:36:17,BTCUSDT,bid,47500,642.98
2024-08-08 01:38:37,BTCUSDT,bid,47000,869.569
2024-08-08 01:39:06,BTCUSDT,ask,57700,521.676
2024-08-08 01:40:19,BTCUSDT,ask,57700,521.626
2024-08-08 01:40:45,BTCUSDT,bid,47500,642.875
2024-08-08 01:41:12,BTCUSDT,bid,47000,869.469
2024-08-08 01:41:50,BTCUSDT,bid,47500,642.781
2024-08-08 01:42:31,BTCUSDT,ask,57700,522.026
2024-08-08 01:43:02,BTCUSDT,bid,47000,869.481
2024-08-08 01:43:17,BTCUSDT,bid,47000,869.469
2024-08-08 01:44:41,BTCUSDT,bid,47000,869.473
2024-08-08 01:44:53,BTCUSDT,ask,57700,522.006
2024-08-08 01:46:04,BTCUSDT,bid,47000,869.451
2024-08-08 01:47:09,BTCUSDT,bid,47000,869.557
2024-08-08 01:48:10,BTCUSDT,bid,47000,869.586
2024-08-08 01:48:21,BTCUSDT,bid,47000,869.601
2024-08-08 01:48:48,BTCUSDT,ask,57700,521.959
2024-08-08 01:50:07,BTCUSDT,bid,47300,807.494
2024-08-08 01:50:47,BTCUSDT,bid,47000,869.78
2024-08-08 01:52:59,BTCUSDT,ask,57700,521.952
2024-08-08 01:53:40,BTCUSDT,bid,47000,869.795
2024-08-08 01:53:43,BTCUSDT,bid,47300,807.594
2024-08-08 01:54:00,BTCUSDT,bid,47300,807.646
2024-08-08 01:54:23,BTCUSDT,bid,47000,869.826
2024-08-08 01:55:29,BTCUSDT,bid,47000,869.811
2024-08-08 01:55:38,BTCUSDT,bid,47000,869.78
2024-08-08 01:56:35,BTCUSDT,bid,47000,869.791
2024-08-08 01:56:37,BTCUSDT,bid,47000,869.801
2024-08-08 01:57:21,BTCUSDT,bid,47000,869.791
2024-08-08 01:58:58,BTCUSDT,ask,57700,521.923
2024-08-08 02:00:33,BTCUSDT,bid,47000,869.78
2024-08-08 02:01:30,BTCUSDT,ask,57700,521.915
2024-08-08 02:01:49,BTCUSDT,ask,57700,521.906
2024-08-08 02:03:17,BTCUSDT,bid,47500,642.886
2024-08-08 02:04:05,BTCUSDT,bid,47000,869.786
2024-08-08 02:04:39,BTCUSDT,bid,47000,869.79
2024-08-08 02:04:46,BTCUSDT,bid,47000,869.786
2024-08-08 02:05:13,BTCUSDT,bid,47500,642.895
2024-08-08 02:05:36,BTCUSDT,bid,47500,642.908
2024-08-08 02:07:08,BTCUSDT,bid,47000,869.789
2024-08-08 02:09:53,BTCUSDT,bid,47000,869.821
2024-08-08 02:11:42,BTCUSDT,ask,57700,521.901
2024-08-08 02:13:43,BTCUSDT,bid,47000,870.143
2024-08-08 02:15:02,BTCUSDT,bid,47500,642.899
2024-08-08 02:15:55,BTCUSDT,ask,57700,521.899
2024-08-08 02:17:37,BTCUSDT,bid,47300,807.643
2024-08-08 02:17:54,BTCUSDT,bid,47000,882.897
2024-08-08 02:18:05,BTCUSDT,bid,47000,882.907
2024-08-08 02:18:12,BTCUSDT,bid,47000,882.891
2024-08-08 02:19:19,BTCUSDT,bid,47000,870.137
2024-08-08 02:19:21,BTCUSDT,bid,47500,643.005
2024-08-08 02:20:20,BTCUSDT,bid,47500,642.905
2024-08-08 02:20:55,BTCUSDT,bid,47000,870.14
2024-08-08 02:22:38,BTCUSDT,bid,47000,870.148
2024-08-08 02:22:59,BTCUSDT,bid,47000,870.203
2024-08-08 02:23:23,BTCUSDT,bid,47000,870.261
2024-08-08 02:23:51,BTCUSDT,bid,47000,870.316
2024-08-08 02:24:51,BTCUSDT,bid,47000,870.328
2024-08-08 02:25:49,BTCUSDT,bid,47500,642.805
2024-08-08 02:27:57,BTCUSDT,bid,47000,870.54
2024-08-08 02:28:23,BTCUSDT,bid,47000,870.549
2024-08-08 02:28:44,BTCUSDT,bid,47300,807.591
2024-08-08 02:29:14,BTCUSDT,bid,47000,870.559
2024-08-08 02:29:37,BTCUSDT,bid,47000,870.517
2024-08-08 02:29:44,BTCUSDT,bid,47000,870.56
2024-08-08 02:30:10,BTCUSDT,bid,47000,870.517
2024-08-08 02:32:25,BTCUSDT,bid,47000,870.513
2024-08-08 02:32:35,BTCUSDT,bid,47300,807.631
2024-08-08 02:33:48,BTCUSDT,bid,47500,642.792
2024-08-08 02:37:00,BTCUSDT,bid,47300,807.591
2024-08-08 02:37:06,BTCUSDT,bid,47000,870.574
2024-08-08 02:39:26,BTCUSDT,bid,47000,870.577
2024-08-08 02:43:38,BTCUSDT,bid,47500,642.787
2024-08-08 02:43:42,BTCUSDT,bid,47300,807.586
2024-08-08 02:44:09,BTCUSDT,ask,57700,521.84
2024-08-08 02:44:26,BTCUSDT,bid,47000,870.572
2024-08-08 02:45:11,BTCUSDT,bid,47500,642.65
2024-08-08 02:46:05,BTCUSDT,bid,47500,642.878
2024-08-08 02:46:07,BTCUSDT,bid,47000,870.672
2024-08-08 02:47:30,BTCUSDT,bid,47000,870.778
2024-08-08 02:48:07,BTCUSDT,bid,47000,870.781
2024-08-08 02:51:24,BTCUSDT,bid,47000,870.778
2024-08-08 02:52:44,BTCUSDT,bid,47000,870.717
2024-08-08 02:54:09,BTCUSDT,bid,47500,642.899
2024-08-08 02:54:19,BTCUSDT,bid,47500,642.878
2024-08-08 02:55:00,BTCUSDT,bid,47500,642.882
2024-08-08 02:55:26,BTCUSDT,bid,47000,870.69
2024-08-08 02:55:28,BTCUSDT,bid,47000,870.68
2024-08-08 02:56:03,BTCUSDT,bid,47000,870.674
2024-08-08 02:57:08,BTCUSDT,bid,47500,642.878
2024-08-08 02:57:22,BTCUSDT,bid,47500,642.888
2024-08-08 02:57:24,BTCUSDT,bid,47000,870.792
2024-08-08 03:03:04,BTCUSDT,bid,47000,871.042
2024-08-08 03:04:08,BTCUSDT,ask,57700,521.653
2024-08-08 03:05:47,BTCUSDT,bid,47000,871.03
2024-08-08 03:05:56,BTCUSDT,bid,47500,642.878
2024-08-08 03:12:35,BTCUSDT,bid,47500,643.017
2024-08-08 03:14:21,BTCUSDT,bid,47000,870.93
2024-08-08 03:16:38,BTCUSDT,bid,47500,643.08
2024-08-08 03:16:53,BTCUSDT,bid,47100,800.162
2024-08-08 03:20:37,BTCUSDT,ask,57700,521.65
2024-08-08 03:21:42,BTCUSDT,ask,57700,521.35
2024-08-08 03:23:14,BTCUSDT,bid,47500,643.072
2024-08-08 03:24:38,BTCUSDT,bid,47500,643.158
2024-08-08 03:25:24,BTCUSDT,ask,57700,521.333
2024-08-08 03:28:45,BTCUSDT,ask,57700,521.336
2024-08-08 03:31:44,BTCUSDT,bid,47500,643.133
2024-08-08 03:35:41,BTCUSDT,bid,47500,643.137
2024-08-08 03:37:09,BTCUSDT,bid,47000,870.13
2024-08-08 03:39:18,BTCUSDT,bid,47500,643.133
2024-08-08 03:40:09,BTCUSDT,ask,57700,521.326
2024-08-08 03:40:19,BTCUSDT,bid,47000,870.134
2024-08-08 03:40:47,BTCUSDT,bid,47000,870.234
2024-08-08 03:41:06,BTCUSDT,bid,47000,870.134
2024-08-08 03:42:33,BTCUSDT,bid,47000,870.234
2024-08-08 03:43:24,BTCUSDT,bid,47000,870.134
2024-08-08 03:44:24,BTCUSDT,bid,47000,870.234
2024-08-08 03:46:05,BTCUSDT,bid,54900,686.278
2024-08-08 03:46:06,BTCUSDT,bid,54900,686.297
2024-08-08 03:46:07,BTCUSDT,bid,54900,686.378
2024-08-08 03:46:13,BTCUSDT,bid,54900,686.507
2024-08-08 03:46:15,BTCUSDT,bid,54900,686.539
2024-08-08 03:46:20,BTCUSDT,bid,54900,686.524
2024-08-08 03:46:20,BTCUSDT,bid,54900,686.519
2024-08-08 03:46:31,BTCUSDT,bid,54900,686.605
2024-08-08 03:46:51,BTCUSDT,bid,54900,686.446
2024-08-08 03:46:56,BTCUSDT,bid,54900,686.443
2024-08-08 03:47:01,BTCUSDT,bid,54900,687.716
2024-08-08 03:47:02,BTCUSDT,bid,54900,688.716
2024-08-08 03:47:03,BTCUSDT,bid,54900,687.443
2024-08-08 03:47:05,BTCUSDT,bid,54900,687.443
2024-08-08 03:47:07,BTCUSDT,bid,54900,687.461
2024-08-08 03:47:09,BTCUSDT,bid,54900,687.483
2024-08-08 03:47:10,BTCUSDT,bid,54900,687.847
2024-08-08 03:47:14,BTCUSDT,bid,54900,688.029
2024-08-08 03:47:15,BTCUSDT,bid,54900,688.083
2024-08-08 03:47:15,BTCUSDT,bid,54900,687.903
2024-08-08 03:47:19,BTCUSDT,bid,54900,687.903
2024-08-08 03:47:20,BTCUSDT,bid,54900,688.139
2024-08-08 03:47:21,BTCUSDT,bid,54900,688.03
2024-08-08 03:47:26,BTCUSDT,bid,54900,688.119
2024-08-08 03:47:28,BTCUSDT,bid,54900,688.127
2024-08-08 03:47:29,BTCUSDT,bid,54900,688.0
2024-08-08 03:50:15,BTCUSDT,bid,47000,870.547
2024-08-08 03:50:55,BTCUSDT,bid,47000,870.234
2024-08-08 03:51:04,BTCUSDT,bid,47000,870.23
2024-08-08 03:52:28,BTCUSDT,ask,57700,521.329
2024-08-08 03:54:32,BTCUSDT,bid,47000,870.543
2024-08-08 03:54:50,BTCUSDT,bid,47000,870.547
2024-08-08 03:55:58,BTCUSDT,bid,47000,870.544
2024-08-08 03:58:04,BTCUSDT,bid,47000,870.554
2024-08-08 03:58:12,BTCUSDT,bid,47500,643.143
2024-08-08 03:58:23,BTCUSDT,bid,47000,870.454
2024-08-08 03:59:38,BTCUSDT,bid,47000,870.504
2024-08-08 04:00:52,BTCUSDT,ask,57700,521.369
2024-08-08 04:01:03,BTCUSDT,bid,47000,870.191
2024-08-08 04:02:47,BTCUSDT,ask,57700,521.354
2024-08-08 04:03:59,BTCUSDT,ask,57700,521.57
2024-08-08 04:06:18,BTCUSDT,ask,57700,521.587
2024-08-08 04:08:35,BTCUSDT,bid,47000,870.196
2024-08-08 04:08:46,BTCUSDT,bid,47500,643.153
2024-08-08 04:08:46,BTCUSDT,bid,47500,643.19
2024-08-08 04:08:53,BTCUSDT,bid,47000,870.206
2024-08-08 04:09:06,BTCUSDT,bid,47500,643.153
2024-08-08 04:09:20,BTCUSDT,bid,47500,643.19
2024-08-08 04:10:18,BTCUSDT,bid,47500,643.272
2024-08-08 04:14:13,BTCUSDT,bid,47000,870.237
2024-08-08 04:16:30,BTCUSDT,bid,47000,870.264
2024-08-08 04:16:48,BTCUSDT,bid,47000,870.27
2024-08-08 04:18:46,BTCUSDT,bid,47000,870.37
2024-08-08 04:21:40,BTCUSDT,ask,57700,521.062
2024-08-08 04:24:57,BTCUSDT,ask,57700,521.059
2024-08-08 04:25:02,BTCUSDT,bid,47000,870.364
2024-08-08 04:28:14,BTCUSDT,bid,47000,870.361
2024-08-08 04:32:04,BTCUSDT,ask,57700,520.875
2024-08-08 04:33:19,BTCUSDT,bid,47500,643.02
2024-08-08 04:33:39,BTCUSDT,bid,47500,643.068
2024-08-08 04:36:08,BTCUSDT,bid,47000,870.039
2024-08-08 04:38:12,BTCUSDT,ask,57700,520.865
2024-08-08 04:38:59,BTCUSDT,ask,57700,520.874
2024-08-08 04:42:33,BTCUSDT,ask,57700,520.865
2024-08-08 04:42:41,BTCUSDT,ask,57700,520.875
2024-08-08 04:42:49,BTCUSDT,bid,47000,869.954
2024-08-08 04:42:49,BTCUSDT,bid,47000,869.927
2024-08-08 04:45:58,BTCUSDT,ask,57700,520.86
2024-08-08 04:49:49,BTCUSDT,bid,47500,642.64
2024-08-08 04:53:10,BTCUSDT,bid,47000,869.93
2024-08-08 04:53:20,BTCUSDT,bid,47000,869.935
2024-08-08 04:55:31,BTCUSDT,ask,57700,520.856
2024-08-08 04:55:37,BTCUSDT,bid,47000,869.94
2024-08-08 04:56:33,BTCUSDT,ask,57700,520.854
2024-08-08 05:04:42,BTCUSDT,bid,52000,614.497
2024-08-08 05:06:38,BTCUSDT,bid,52000,614.286
2024-08-08 05:06:47,BTCUSDT,bid,52000,615.997
2024-08-08 05:08:15,BTCUSDT,bid,52000,615.999
2024-08-08 05:08:53,BTCUSDT,bid,52000,616.278
2024-08-08 05:09:09,BTCUSDT,bid,52000,616.29
2024-08-08 05:10:02,BTCUSDT,bid,52000,616.286
2024-08-08 05:10:10,BTCUSDT,bid,52000,616.282
2024-08-08 05:11:00,BTCUSDT,bid,52000,616.209
2024-08-08 05:11:34,BTCUSDT,bid,52000,616.313
2024-08-08 05:11:47,BTCUSDT,bid,52000,616.298
2024-08-08 05:14:58,BTCUSDT,bid,52000,616.302
2024-08-08 05:15:16,BTCUSDT,bid,52000,616.304
2024-08-08 05:16:02,BTCUSDT,bid,52000,616.314
2024-08-08 05:17:08,BTCUSDT,bid,52000,616.4
2024-08-08 05:17:15,BTCUSDT,bid,47000,869.969
2024-08-08 05:17:21,BTCUSDT,bid,52000,616.9
2024-08-08 05:17:49,BTCUSDT,bid,52000,616.89
2024-08-08 05:18:18,BTCUSDT,bid,52000,616.134
2024-08-08 05:18:24,BTCUSDT,bid,52000,616.89
2024-08-08 05:18:53,BTCUSDT,bid,52000,616.886
2024-08-08 05:19:00,BTCUSDT,bid,47000,869.94
2024-08-08 05:19:01,BTCUSDT,bid,52000,616.884
2024-08-08 05:19:03,BTCUSDT,bid,52000,616.857
2024-08-08 05:19:33,BTCUSDT,bid,52000,616.967
2024-08-08 05:19:33,BTCUSDT,bid,52000,616.98
2024-08-08 05:19:39,BTCUSDT,bid,52000,617.0
2024-08-08 05:19:39,BTCUSDT,bid,52000,616.98
2024-08-08 05:19:48,BTCUSDT,bid,52000,616.995
2024-08-08 05:19:55,BTCUSDT,bid,52000,616.995
2024-08-08 05:21:15,BTCUSDT,bid,52000,617.191
2024-08-08 05:21:22,BTCUSDT,bid,47000,870.047
2024-08-08 05:21:43,BTCUSDT,bid,52000,617.178
2024-08-08 05:21:47,BTCUSDT,bid,52000,617.181
2024-08-08 05:21:55,BTCUSDT,bid,52000,616.681
2024-08-08 05:22:21,BTCUSDT,bid,52000,618.369
2024-08-08 05:22:31,BTCUSDT,bid,52000,618.118
2024-08-08 05:22:42,BTCUSDT,bid,52000,618.261
2024-08-08 05:23:00,BTCUSDT,bid,52000,618.103
2024-08-08 05:23:04,BTCUSDT,bid,47000,872.047
2024-08-08 05:23:06,BTCUSDT,bid,52000,618.122
2024-08-08 05:23:15,BTCUSDT,bid,52000,618.155
2024-08-08 05:23:40,BTCUSDT,bid,47500,642.682
2024-08-08 05:23:42,BTCUSDT,bid,52000,618.157
2024-08-08 05:23:42,BTCUSDT,bid,52000,618.16
2024-08-08 05:23:43,BTCUSDT,bid,52000,618.197
2024-08-08 05:23:49,BTCUSDT,bid,47000,872.106
2024-08-08 05:24:13,BTCUSDT,bid,52000,618.154
2024-08-08 05:24:15,BTCUSDT,bid,52000,618.158
2024-08-08 05:24:20,BTCUSDT,bid,52000,618.156
2024-08-08 05:24:21,BTCUSDT,bid,52000,618.167
2024-08-08 05:24:23,BTCUSDT,bid,52000,616.479
2024-08-08 05:24:40,BTCUSDT,bid,47000,866.106
2024-08-08 05:24:59,BTCUSDT,bid,52000,616.379
2024-08-08 05:25:11,BTCUSDT,bid,52000,616.385
2024-08-08 05:25:40,BTCUSDT,bid,52000,616.387
2024-08-08 05:25:49,BTCUSDT,bid,52000,613.387
2024-08-08 05:25:58,BTCUSDT,bid,52000,613.402
2024-08-08 05:26:10,BTCUSDT,bid,52000,613.425
2024-08-08 05:26:15,BTCUSDT,bid,52000,613.428
2024-08-08 05:26:19,BTCUSDT,bid,47000,866.318
2024-08-08 05:26:30,BTCUSDT,bid,47000,866.106
2024-08-08 05:26:55,BTCUSDT,bid,52000,613.928
2024-08-08 05:27:20,BTCUSDT,bid,52000,614.801
2024-08-08 05:27:29,BTCUSDT,bid,52000,617.801
2024-08-08 05:27:34,BTCUSDT,bid,52000,617.739
2024-08-08 05:27:42,BTCUSDT,bid,52000,617.742
2024-08-08 05:27:53,BTCUSDT,bid,52000,617.755
2024-08-08 05:28:00,BTCUSDT,bid,52000,617.555
2024-08-08 05:28:01,BTCUSDT,bid,52000,617.522
2024-08-08 05:28:06,BTCUSDT,bid,52000,616.946
2024-08-08 05:28:27,BTCUSDT,bid,52000,616.946
2024-08-08 05:28:39,BTCUSDT,bid,52000,616.836
2024-08-08 05:28:41,BTCUSDT,bid,52000,616.793
2024-08-08 05:28:58,BTCUSDT,bid,47000,866.011
2024-08-08 05:29:29,BTCUSDT,bid,52000,616.791
2024-08-08 05:29:30,BTCUSDT,bid,52000,616.81
2024-08-08 05:29:52,BTCUSDT,bid,52000,616.808
2024-08-08 05:29:55,BTCUSDT,bid,47500,642.678
2024-08-08 05:30:27,BTCUSDT,bid,52000,617.288
2024-08-08 05:31:17,BTCUSDT,bid,52000,617.276
2024-08-08 05:31:27,BTCUSDT,bid,52000,616.646
2024-08-08 05:31:40,BTCUSDT,bid,52000,616.648
2024-08-08 05:34:57,BTCUSDT,bid,52000,616.635
2024-08-08 05:35:00,BTCUSDT,bid,52000,616.632
2024-08-08 05:35:03,BTCUSDT,bid,52000,616.528
2024-08-08 05:35:22,BTCUSDT,bid,52000,616.52
2024-08-08 05:35:42,BTCUSDT,bid,52000,616.512
2024-08-08 05:36:16,BTCUSDT,bid,47000,866.211
2024-08-08 05:36:54,BTCUSDT,bid,52000,615.512
2024-08-08 05:36:55,BTCUSDT,bid,52000,615.529
2024-08-08 05:37:03,BTCUSDT,bid,47000,866.26
2024-08-08 05:37:12,BTCUSDT,bid,47000,866.153
2024-08-08 05:37:20,BTCUSDT,bid,52000,615.627
2024-08-08 05:37:23,BTCUSDT,bid,52000,615.607
2024-08-08 05:38:50,BTCUSDT,bid,52000,615.425
2024-08-08 05:39:09,BTCUSDT,bid,52000,615.424
2024-08-08 05:39:16,BTCUSDT,bid,47000,866.248
2024-08-08 05:39:42,BTCUSDT,bid,47000,866.251
2024-08-08 05:39:47,BTCUSDT,bid,52000,615.415
2024-08-08 05:40:05,BTCUSDT,bid,52000,615.417
2024-08-08 05:40:13,BTCUSDT,bid,47000,866.248
2024-08-08 05:41:13,BTCUSDT,bid,52000,615.422
2024-08-08 05:41:46,BTCUSDT,bid,52000,615.42
2024-08-08 05:42:44,BTCUSDT,bid,47500,642.641
2024-08-08 05:43:51,BTCUSDT,bid,47500,642.704
2024-08-08 05:44:47,BTCUSDT,bid,52000,615.416
2024-08-08 05:45:40,BTCUSDT,bid,52000,615.428
2024-08-08 05:45:59,BTCUSDT,bid,47000,866.886
2024-08-08 05:47:13,BTCUSDT,bid,52000,615.409
2024-08-08 05:47:51,BTCUSDT,bid,47000,866.855
2024-08-08 05:48:39,BTCUSDT,bid,52000,615.385
2024-08-08 05:48:57,BTCUSDT,bid,47000,866.86
2024-08-08 05:49:19,BTCUSDT,bid,52000,615.383
2024-08-08 05:49:42,BTCUSDT,bid,52000,615.38
2024-08-08 05:52:37,BTCUSDT,bid,47300,808.101
2024-08-08 05:53:40,BTCUSDT,bid,52000,615.447
2024-08-08 05:54:24,BTCUSDT,bid,52000,615.511
2024-08-08 05:54:46,BTCUSDT,bid,52000,615.513
2024-08-08 05:54:52,BTCUSDT,bid,52000,615.45
2024-08-08 05:54:55,BTCUSDT,bid,52000,615.455
2024-08-08 05:55:23,BTCUSDT,bid,52000,615.483
2024-08-08 05:55:27,BTCUSDT,bid,52000,615.463
2024-08-08 05:55:36,BTCUSDT,bid,47000,866.837
2024-08-08 05:56:12,BTCUSDT,bid,52000,615.751
2024-08-08 05:56:41,BTCUSDT,bid,52000,615.608
2024-08-08 05:56:52,BTCUSDT,bid,47000,866.859
2024-08-08 05:57:04,BTCUSDT,bid,52000,615.628
2024-08-08 05:57:57,BTCUSDT,bid,52000,615.648
2024-08-08 05:58:39,BTCUSDT,bid,47000,866.862
2024-08-08 05:59:02,BTCUSDT,bid,52000,615.653
2024-08-08 05:59:42,BTCUSDT,bid,52000,615.655
2024-08-08 06:00:12,BTCUSDT,bid,52000,615.653
2024-08-08 06:00:51,BTCUSDT,bid,52000,615.589
2024-08-08 06:03:02,BTCUSDT,bid,47500,642.389
2024-08-08 06:04:16,BTCUSDT,bid,52000,615.687
2024-08-08 06:04:18,BTCUSDT,bid,52000,615.637
2024-08-08 06:04:36,BTCUSDT,bid,52000,615.635
2024-08-08 06:05:33,BTCUSDT,bid,47000,866.857
2024-08-08 06:05:33,BTCUSDT,bid,52000,615.63
2024-08-08 06:06:11,BTCUSDT,bid,52000,615.745
2024-08-08 06:06:22,BTCUSDT,bid,55300,700.093
2024-08-08 06:06:27,BTCUSDT,bid,55300,700.201
2024-08-08 06:06:27,BTCUSDT,bid,55300,700.219
2024-08-08 06:06:28,BTCUSDT,bid,55300,700.201
2024-08-08 06:06:28,BTCUSDT,bid,55300,700.301
2024-08-08 06:06:28,BTCUSDT,bid,55300,700.201
2024-08-08 06:06:29,BTCUSDT,bid,55300,700.183
2024-08-08 06:06:33,BTCUSDT,bid,55300,700.101
2024-08-08 06:07:12,BTCUSDT,bid,52000,615.75
2024-08-08 06:07:26,BTCUSDT,bid,47000,866.798
2024-08-08 06:07:46,BTCUSDT,bid,52000,615.747
2024-08-08 06:07:50,BTCUSDT,bid,52000,618.708
2024-08-08 06:07:57,BTCUSDT,bid,52000,618.713
2024-08-08 06:08:57,BTCUSDT,bid,52000,618.913
2024-08-08 06:10:09,BTCUSDT,bid,52000,618.889
2024-08-08 06:10:19,BTCUSDT,bid,52000,618.884
2024-08-08 06:10:23,BTCUSDT,bid,52000,618.886
2024-08-08 06:10:28,BTCUSDT,bid,47000,866.472
2024-08-08 06:11:01,BTCUSDT,bid,52000,618.888
2024-08-08 06:13:25,BTCUSDT,bid,47000,866.617
2024-08-08 06:13:44,BTCUSDT,bid,52000,618.895
2024-08-08 06:14:11,BTCUSDT,bid,52000,618.888
2024-08-08 06:15:01,BTCUSDT,bid,52000,618.895
2024-08-08 06:15:19,BTCUSDT,bid,52000,618.898
2024-08-08 06:15:25,BTCUSDT,bid,52000,618.891
2024-08-08 06:15:42,BTCUSDT,bid,52000,618.888
2024-08-08 06:18:01,BTCUSDT,bid,55300,700.524
2024-08-08 06:18:03,BTCUSDT,bid,47500,642.399
2024-08-08 06:18:03,BTCUSDT,bid,52000,618.898
2024-08-08 06:18:04,BTCUSDT,bid,55300,700.524
2024-08-08 06:18:06,BTCUSDT,bid,55300,700.527
2024-08-08 06:18:11,BTCUSDT,bid,55300,700.888
2024-08-08 06:18:12,BTCUSDT,bid,55300,700.892
2024-08-08 06:18:12,BTCUSDT,bid,55300,700.901
2024-08-08 06:18:12,BTCUSDT,bid,55300,700.897
2024-08-08 06:18:13,BTCUSDT,bid,55300,700.888
2024-08-08 06:18:14,BTCUSDT,bid,55300,700.885
2024-08-08 06:18:20,BTCUSDT,bid,55300,700.891
2024-08-08 06:18:32,BTCUSDT,bid,55300,701.534
2024-08-08 06:18:41,BTCUSDT,bid,55300,701.536
2024-08-08 06:18:42,BTCUSDT,bid,55300,701.537
2024-08-08 06:18:43,BTCUSDT,bid,55300,701.531
2024-08-08 06:18:49,BTCUSDT,bid,55300,701.529
2024-08-08 06:18:51,BTCUSDT,bid,52000,618.9
2024-08-08 06:18:56,BTCUSDT,bid,52000,618.791
2024-08-08 06:19:09,BTCUSDT,bid,55300,700.891
2024-08-08 06:19:15,BTCUSDT,bid,55300,701.275
2024-08-08 06:19:15,BTCUSDT,bid,55300,701.281
2024-08-08 06:19:15,BTCUSDT,bid,55300,701.382
2024-08-08 06:19:56,BTCUSDT,bid,47500,642.389
2024-08-08 06:19:56,BTCUSDT,bid,52000,618.781
2024-08-08 06:19:58,BTCUSDT,bid,47000,865.617
2024-08-08 06:20:14,BTCUSDT,bid,47500,642.743
2024-08-08 06:20:17,BTCUSDT,bid,52000,618.664
2024-08-08 06:20:43,BTCUSDT,bid,52000,618.675
2024-08-08 06:21:42,BTCUSDT,bid,52000,618.672
2024-08-08 06:21:44,BTCUSDT,bid,47000,865.62
2024-08-08 06:22:05,BTCUSDT,bid,47000,865.617
2024-08-08 06:22:15,BTCUSDT,bid,52000,618.676
2024-08-08 06:23:55,BTCUSDT,bid,52000,618.434
2024-08-08 06:24:21,BTCUSDT,bid,47500,642.755
2024-08-08 06:24:23,BTCUSDT,bid,52000,618.367
2024-08-08 06:25:09,BTCUSDT,bid,47000,865.637
2024-08-08 06:25:34,BTCUSDT,bid,52000,618.383
2024-08-08 06:26:13,BTCUSDT,bid,47000,865.492
2024-08-08 06:26:37,BTCUSDT,bid,52000,618.405
2024-08-08 06:26:55,BTCUSDT,bid,47000,865.486
2024-08-08 06:27:35,BTCUSDT,bid,52000,618.462
2024-08-08 06:27:56,BTCUSDT,bid,52000,618.503
2024-08-08 06:29:24,BTCUSDT,bid,52000,618.505
2024-08-08 06:29:59,BTCUSDT,bid,52000,618.905
2024-08-08 06:30:23,BTCUSDT,bid,52000,618.854
2024-08-08 06:30:58,BTCUSDT,bid,52000,618.81
2024-08-08 06:31:48,BTCUSDT,bid,52000,618.79
2024-08-08 06:32:06,BTCUSDT,bid,52000,618.819
2024-08-08 06:32:19,BTCUSDT,bid,47000,864.88
2024-08-08 06:32:19,BTCUSDT,bid,52000,618.869
2024-08-08 06:32:48,BTCUSDT,bid,52000,618.907
2024-08-08 06:33:05,BTCUSDT,bid,52000,618.993
2024-08-08 06:33:48,BTCUSDT,bid,52000,619.093
2024-08-08 06:35:45,BTCUSDT,bid,52000,619.208
2024-08-08 06:35:51,BTCUSDT,bid,47000,864.876
2024-08-08 06:35:54,BTCUSDT,bid,52000,619.219
2024-08-08 06:36:01,BTCUSDT,bid,52000,619.231
2024-08-08 06:36:09,BTCUSDT,bid,52000,619.22
2024-08-08 06:36:33,BTCUSDT,bid,52000,619.202
2024-08-08 06:36:53,BTCUSDT,bid,52000,619.232
2024-08-08 06:36:54,BTCUSDT,bid,52000,618.707
2024-08-08 06:37:31,BTCUSDT,bid,52000,618.744
2024-08-08 06:37:50,BTCUSDT,bid,52000,619.132
2024-08-08 06:38:00,BTCUSDT,bid,47000,864.881
2024-08-08 06:38:06,BTCUSDT,bid,52000,619.371
2024-08-08 06:38:55,BTCUSDT,bid,47000,864.927
2024-08-08 06:39:01,BTCUSDT,bid,47000,864.955
2024-08-08 06:39:01,BTCUSDT,bid,47500,642.777
2024-08-08 06:39:03,BTCUSDT,bid,52000,619.369
2024-08-08 06:39:40,BTCUSDT,bid,52000,619.13
2024-08-08 06:40:05,BTCUSDT,bid,52000,619.093
2024-08-08 06:41:54,BTCUSDT,bid,52000,619.052
2024-08-08 06:42:38,BTCUSDT,bid,52000,619.053
2024-08-08 06:42:55,BTCUSDT,bid,52000,620.834
2024-08-08 06:43:06,BTCUSDT,bid,52000,619.053
2024-08-08 06:43:09,BTCUSDT,bid,52000,619.063
2024-08-08 06:44:33,BTCUSDT,bid,52000,619.144
2024-08-08 06:46:12,BTCUSDT,bid,52000,618.756
2024-08-08 06:47:28,BTCUSDT,bid,47000,864.95
2024-08-08 06:48:27,BTCUSDT,bid,52000,618.948
2024-08-08 06:49:46,BTCUSDT,bid,52000,618.951
2024-08-08 06:52:55,BTCUSDT,bid,52000,618.935
2024-08-08 06:53:08,BTCUSDT,bid,52000,618.743
2024-08-08 06:53:21,BTCUSDT,bid,52000,615.743
2024-08-08 06:54:12,BTCUSDT,bid,52000,615.719
2024-08-08 06:55:22,BTCUSDT,bid,52000,615.757
2024-08-08 06:55:47,BTCUSDT,bid,47500,642.277
2024-08-08 06:55:48,BTCUSDT,bid,52000,615.719
2024-08-08 06:57:08,BTCUSDT,bid,52000,615.726
2024-08-08 06:58:27,BTCUSDT,bid,52000,616.142
2024-08-08 06:58:54,BTCUSDT,bid,52000,615.142
2024-08-08 06:59:38,BTCUSDT,bid,52000,615.436
2024-08-08 07:00:03,BTCUSDT,bid,52000,615.427
2024-08-08 07:00:16,BTCUSDT,bid,52000,615.235
2024-08-08 07:00:26,BTCUSDT,bid,52000,615.254
2024-08-08 07:00:45,BTCUSDT,bid,52000,615.446
2024-08-08 07:01:41,BTCUSDT,bid,47500,642.402
2024-08-08 07:01:42,BTCUSDT,bid,52000,615.03
2024-08-08 07:03:49,BTCUSDT,bid,52000,615.069
2024-08-08 07:05:29,BTCUSDT,bid,52000,614.569
2024-08-08 07:07:23,BTCUSDT,bid,52000,614.561
2024-08-08 07:08:05,BTCUSDT,bid,52000,614.522
2024-08-08 07:08:10,BTCUSDT,bid,47500,642.424
2024-08-08 07:08:17,BTCUSDT,bid,47000,864.973
2024-08-08 07:08:34,BTCUSDT,bid,47500,642.924
2024-08-08 07:08:36,BTCUSDT,bid,52000,614.524
2024-08-08 07:09:05,BTCUSDT,bid,52000,614.443
2024-08-08 07:09:05,BTCUSDT,bid,52000,614.452
2024-08-08 07:09:08,BTCUSDT,bid,52000,613.452
2024-08-08 07:09:26,BTCUSDT,bid,52000,613.263
2024-08-08 07:09:32,BTCUSDT,bid,52000,613.296
2024-08-08 07:10:45,BTCUSDT,bid,52000,613.68
2024-08-08 07:10:48,BTCUSDT,bid,52000,613.718
2024-08-08 07:11:59,BTCUSDT,bid,52000,613.713
2024-08-08 07:12:01,BTCUSDT,bid,52000,613.776
2024-08-08 07:12:17,BTCUSDT,bid,52000,613.392
2024-08-08 07:12:24,BTCUSDT,bid,52000,613.103
2024-08-08 07:12:59,BTCUSDT,bid,52000,613.199
2024-08-08 07:13:14,BTCUSDT,bid,47000,865.073
2024-08-08 07:13:41,BTCUSDT,bid,52000,613.201
2024-08-08 07:15:06,BTCUSDT,bid,52000,613.176
2024-08-08 07:15:22,BTCUSDT,bid,52000,612.956
2024-08-08 07:15:57,BTCUSDT,bid,52000,612.906
2024-08-08 07:17:52,BTCUSDT,bid,47000,865.045
2024-08-08 07:18:25,BTCUSDT,bid,52000,612.966
2024-08-08 07:18:32,BTCUSDT,bid,47000,865.087
2024-08-08 07:18:45,BTCUSDT,bid,47000,865.077
2024-08-08 07:19:01,BTCUSDT,bid,52000,612.975
2024-08-08 07:20:54,BTCUSDT,bid,52000,612.885
2024-08-08 07:21:04,BTCUSDT,bid,52000,613.168
2024-08-08 07:22:00,BTCUSDT,bid,52000,613.254
2024-08-08 07:22:23,BTCUSDT,bid,52000,613.273
2024-08-08 07:22:40,BTCUSDT,bid,52000,613.187
2024-08-08 07:22:41,BTCUSDT,bid,52000,613.19
2024-08-08 07:23:24,BTCUSDT,bid,47000,865.025
2024-08-08 07:23:24,BTCUSDT,bid,52000,613.318
2024-08-08 07:23:38,BTCUSDT,bid,52000,614.718
2024-08-08 07:23:59,BTCUSDT,bid,47500,642.956
2024-08-08 07:24:11,BTCUSDT,bid,52000,614.716
2024-08-08 07:24:59,BTCUSDT,bid,52000,614.689
2024-08-08 07:25:00,BTCUSDT,bid,52000,614.789
2024-08-08 07:26:28,BTCUSDT,bid,52000,613.389
2024-08-08 07:26:33,BTCUSDT,bid,52000,613.394
2024-08-08 07:26:43,BTCUSDT,bid,52000,613.39
2024-08-08 07:27:38,BTCUSDT,bid,52000,613.395
2024-08-08 07:28:09,BTCUSDT,bid,52000,613.387
2024-08-08 07:29:23,BTCUSDT,bid,47000,865.015
2024-08-08 07:29:23,BTCUSDT,bid,47500,642.946
2024-08-08 07:29:31,BTCUSDT,bid,47500,642.646
2024-08-08 07:29:53,BTCUSDT,bid,52000,613.406
2024-08-08 07:30:04,BTCUSDT,bid,52000,613.365
2024-08-08 07:30:05,BTCUSDT,bid,52000,613.373
2024-08-08 07:30:06,BTCUSDT,bid,52000,613.273
2024-08-08 07:30:48,BTCUSDT,bid,52000,612.99
2024-08-08 07:31:11,BTCUSDT,bid,47000,865.074
2024-08-08 07:31:24,BTCUSDT,bid,47500,642.656
2024-08-08 07:31:38,BTCUSDT,bid,52000,613.14
2024-08-08 07:32:11,BTCUSDT,bid,52000,613.12
2024-08-08 07:32:26,BTCUSDT,bid,47000,865.071
2024-08-08 07:32:55,BTCUSDT,bid,47000,865.074
2024-08-08 07:33:06,BTCUSDT,bid,52000,613.118
2024-08-08 07:33:23,BTCUSDT,bid,52000,613.099
2024-08-08 07:33:47,BTCUSDT,bid,52000,613.108
2024-08-08 07:34:12,BTCUSDT,bid,52000,613.106
2024-08-08 07:34:19,BTCUSDT,bid,47000,865.084
2024-08-08 07:34:30,BTCUSDT,bid,52000,613.108
2024-08-08 07:35:15,BTCUSDT,bid,52000,613.068
2024-08-08 07:35:54,BTCUSDT,bid,52000,613.125
2024-08-08 07:36:19,BTCUSDT,bid,52000,613.116
2024-08-08 07:36:32,BTCUSDT,bid,47500,642.626
2024-08-08 07:36:34,BTCUSDT,bid,52000,613.119
2024-08-08 07:36:56,BTCUSDT,bid,52000,613.137
2024-08-08 07:37:12,BTCUSDT,bid,52000,613.127
2024-08-08 07:37:14,BTCUSDT,bid,52000,613.124
2024-08-08 07:37:19,BTCUSDT,bid,52000,613.174
2024-08-08 07:37:30,BTCUSDT,bid,52000,613.09
2024-08-08 07:38:14,BTCUSDT,bid,47500,642.544
2024-08-08 07:38:32,BTCUSDT,bid,52000,613.093
2024-08-08 07:38:45,BTCUSDT,bid,52000,613.286
2024-08-08 07:38:52,BTCUSDT,bid,52000,613.086
2024-08-08 07:39:17,BTCUSDT,bid,52000,612.996
2024-08-08 07:39:22,BTCUSDT,bid,52000,612.994
2024-08-08 07:40:07,BTCUSDT,bid,52000,613.244
2024-08-08 07:40:23,BTCUSDT,bid,47000,865.081
2024-08-08 07:40:28,BTCUSDT,bid,52000,613.209
2024-08-08 07:40:30,BTCUSDT,bid,52000,613.212
2024-08-08 07:41:36,BTCUSDT,bid,52000,613.216
2024-08-08 07:41:40,BTCUSDT,bid,52000,613.212
2024-08-08 07:41:47,BTCUSDT,bid,52000,613.216
2024-08-08 07:41:52,BTCUSDT,bid,52000,613.234
2024-08-08 07:42:23,BTCUSDT,bid,52000,613.258
2024-08-08 07:42:41,BTCUSDT,bid,47000,865.039
2024-08-08 07:43:10,BTCUSDT,bid,52000,613.065
2024-08-08 07:43:26,BTCUSDT,bid,52000,613.113
2024-08-08 07:43:51,BTCUSDT,bid,52000,613.12
2024-08-08 07:44:02,BTCUSDT,bid,52000,613.113
2024-08-08 07:44:19,BTCUSDT,bid,52000,614.113
2024-08-08 07:44:51,BTCUSDT,bid,52000,614.094
2024-08-08 07:44:54,BTCUSDT,bid,47000,864.939
2024-08-08 07:45:28,BTCUSDT,bid,52000,614.096
2024-08-08 07:45:39,BTCUSDT,bid,47500,642.594
2024-08-08 07:46:13,BTCUSDT,bid,52000,614.103
2024-08-08 07:46:24,BTCUSDT,bid,52000,614.098
2024-08-08 07:46:28,BTCUSDT,bid,47000,864.838
2024-08-08 07:46:51,BTCUSDT,bid,52000,614.035
2024-08-08 07:47:09,BTCUSDT,bid,52000,614.101
2024-08-08 07:47:16,BTCUSDT,bid,52000,614.181
2024-08-08 07:47:19,BTCUSDT,bid,47000,864.802
2024-08-08 07:47:21,BTCUSDT,bid,52000,614.081
2024-08-08 07:47:36,BTCUSDT,bid,52000,614.085
2024-08-08 07:48:05,BTCUSDT,bid,52000,614.099
2024-08-08 07:48:06,BTCUSDT,bid,52000,614.149
2024-08-08 07:48:29,BTCUSDT,bid,52000,614.147
2024-08-08 07:49:03,BTCUSDT,bid,47500,642.599
2024-08-08 07:49:14,BTCUSDT,bid,52000,614.145
2024-08-08 07:49:16,BTCUSDT,bid,47000,864.807
2024-08-08 07:49:16,BTCUSDT,bid,52000,614.142
2024-08-08 07:49:39,BTCUSDT,bid,52000,614.14
2024-08-08 07:50:10,BTCUSDT,bid,52000,614.142
2024-08-08 07:50:30,BTCUSDT,bid,52000,614.092
2024-08-08 07:50:53,BTCUSDT,bid,52000,614.078
2024-08-08 07:51:01,BTCUSDT,bid,52000,614.033
2024-08-08 07:51:08,BTCUSDT,bid,52000,613.983
2024-08-08 07:51:16,BTCUSDT,bid,47500,642.587
2024-08-08 07:51:16,BTCUSDT,bid,52000,613.972
2024-08-08 07:51:29,BTCUSDT,bid,52000,614.055
2024-08-08 07:51:56,BTCUSDT,bid,52000,614.129
2024-08-08 07:51:59,BTCUSDT,bid,52000,614.113
2024-08-08 07:52:41,BTCUSDT,bid,54000,570.11
2024-08-08 07:52:52,BTCUSDT,bid,54000,569.946
2024-08-08 07:53:36,BTCUSDT,bid,54000,569.533
2024-08-08 07:53:44,BTCUSDT,bid,54000,570.088
2024-08-08 07:53:44,BTCUSDT,bid,54000,570.09
2024-08-08 07:54:04,BTCUSDT,bid,54000,570.092
2024-08-08 07:54:21,BTCUSDT,bid,54000,570.088
2024-08-08 07:54:26,BTCUSDT,bid,54000,570.106
2024-08-08 07:54:54,BTCUSDT,bid,54000,570.006
2024-08-08 07:55:12,BTCUSDT,bid,54000,569.963
2024-08-08 07:55:13,BTCUSDT,bid,54000,569.763
2024-08-08 07:55:15,BTCUSDT,bid,47000,864.929
2024-08-08 07:55:33,BTCUSDT,bid,54000,569.963
2024-08-08 07:56:23,BTCUSDT,bid,54000,569.916
2024-08-08 07:56:24,BTCUSDT,bid,54000,569.913
2024-08-08 07:56:33,BTCUSDT,bid,54000,569.911
2024-08-08 07:56:53,BTCUSDT,bid,54000,569.909
2024-08-08 07:58:04,BTCUSDT,bid,54000,569.911
2024-08-08 07:58:50,BTCUSDT,bid,54000,569.843
2024-08-08 07:59:26,BTCUSDT,bid,47000,864.909
2024-08-08 07:59:31,BTCUSDT,bid,47000,864.84
2024-08-08 08:00:18,BTCUSDT,bid,54000,569.793
2024-08-08 08:01:47,BTCUSDT,bid,47000,865.056
2024-08-08 08:01:57,BTCUSDT,bid,54000,569.795
2024-08-08 08:02:20,BTCUSDT,bid,54000,569.783
2024-08-08 08:02:32,BTCUSDT,bid,54000,570.034
2024-08-08 08:03:07,BTCUSDT,bid,54000,570.037
2024-08-08 08:03:22,BTCUSDT,bid,54000,570.034
2024-08-08 08:03:23,BTCUSDT,bid,54000,570.025
2024-08-08 08:03:33,BTCUSDT,bid,54000,570.035
2024-08-08 08:04:03,BTCUSDT,bid,54000,570.065
2024-08-08 08:04:07,BTCUSDT,bid,54000,570.035
2024-08-08 08:04:18,BTCUSDT,bid,54000,570.031
2024-08-08 08:04:19,BTCUSDT,bid,54000,569.324
2024-08-08 08:04:31,BTCUSDT,bid,54000,564.324
2024-08-08 08:05:08,BTCUSDT,bid,54000,564.341
2024-08-08 08:06:39,BTCUSDT,bid,54000,564.343
2024-08-08 08:07:27,BTCUSDT,bid,47000,865.128
2024-08-08 08:08:10,BTCUSDT,bid,54000,564.297
2024-08-08 08:08:13,BTCUSDT,bid,47000,865.553
2024-08-08 08:08:46,BTCUSDT,bid,54000,564.305
2024-08-08 08:08:57,BTCUSDT,bid,54000,564.3
2024-08-08 08:08:59,BTCUSDT,bid,54000,564.292
2024-08-08 08:09:34,BTCUSDT,bid,47500,642.592
2024-08-08 08:09:39,BTCUSDT,bid,47000,865.558
2024-08-08 08:10:19,BTCUSDT,bid,54000,564.282
2024-08-08 08:10:37,BTCUSDT,bid,47000,865.565
2024-08-08 08:10:37,BTCUSDT,bid,54000,564.289
2024-08-08 08:10:38,BTCUSDT,bid,47000,865.56
2024-08-08 08:10:47,BTCUSDT,bid,54000,564.291
2024-08-08 08:10:48,BTCUSDT,bid,47000,865.553
2024-08-08 08:10:48,BTCUSDT,bid,54000,564.284
2024-08-08 08:11:08,BTCUSDT,bid,54000,564.285
2024-08-08 08:11:49,BTCUSDT,bid,54000,564.295
2024-08-08 08:11:53,BTCUSDT,bid,47000,865.507
2024-08-08 08:12:02,BTCUSDT,bid,54000,564.183
2024-08-08 08:12:03,BTCUSDT,bid,54000,564.177
2024-08-08 08:12:25,BTCUSDT,bid,54000,564.145
2024-08-08 08:12:25,BTCUSDT,bid,54000,564.162
2024-08-08 08:12:28,BTCUSDT,bid,54000,563.911
2024-08-08 08:12:29,BTCUSDT,bid,54000,563.811
2024-08-08 08:12:34,BTCUSDT,bid,54000,563.808
2024-08-08 08:12:34,BTCUSDT,bid,54000,563.798
2024-08-08 08:12:36,BTCUSDT,bid,54000,563.747
2024-08-08 08:12:42,BTCUSDT,bid,54000,562.799
2024-08-08 08:12:55,BTCUSDT,bid,54000,562.762
2024-08-08 08:13:03,BTCUSDT,bid,54000,562.759
2024-08-08 08:13:13,BTCUSDT,bid,54000,562.747
2024-08-08 08:13:20,BTCUSDT,bid,54000,562.745
2024-08-08 08:13:33,BTCUSDT,bid,54000,562.751
2024-08-08 08:13:41,BTCUSDT,bid,47000,865.422
2024-08-08 08:13:41,BTCUSDT,bid,47500,642.53
2024-08-08 08:13:58,BTCUSDT,bid,54000,562.749
2024-08-08 08:14:01,BTCUSDT,bid,54000,562.731
2024-08-08 08:14:26,BTCUSDT,bid,54000,562.619
2024-08-08 08:14:39,BTCUSDT,bid,54000,562.61
2024-08-08 08:14:40,BTCUSDT,bid,54000,562.666
2024-08-08 08:15:19,BTCUSDT,bid,54000,562.727
2024-08-08 08:15:47,BTCUSDT,bid,54000,562.719
2024-08-08 08:16:07,BTCUSDT,bid,54000,562.716
2024-08-08 08:16:48,BTCUSDT,bid,54000,562.712
2024-08-08 08:17:29,BTCUSDT,bid,54000,562.717
2024-08-08 08:18:14,BTCUSDT,bid,47500,642.548
2024-08-08 08:18:41,BTCUSDT,bid,54000,562.706
2024-08-08 08:19:09,BTCUSDT,bid,54000,562.709
2024-08-08 08:19:13,BTCUSDT,bid,54000,562.689
2024-08-08 08:19:21,BTCUSDT,bid,54000,562.336
2024-08-08 08:19:45,BTCUSDT,bid,54000,562.983
2024-08-08 08:20:24,BTCUSDT,bid,54000,562.978
2024-08-08 08:21:45,BTCUSDT,bid,54000,562.949
2024-08-08 08:22:44,BTCUSDT,bid,54000,562.952
2024-08-08 08:22:56,BTCUSDT,bid,54000,562.949
2024-08-08 08:23:08,BTCUSDT,bid,54000,562.94
2024-08-08 08:23:37,BTCUSDT,bid,54000,562.937
2024-08-08 08:23:49,BTCUSDT,bid,54000,562.928
2024-08-08 08:23:56,BTCUSDT,bid,54000,562.251
2024-08-08 08:24:20,BTCUSDT,bid,54000,562.259
2024-08-08 08:24:29,BTCUSDT,bid,54000,562.251
2024-08-08 08:24:56,BTCUSDT,bid,47000,865.3
2024-08-08 08:25:15,BTCUSDT,bid,47000,865.455
2024-08-08 08:25:18,BTCUSDT,bid,54000,562.249
2024-08-08 08:25:18,BTCUSDT,bid,47500,642.531
2024-08-08 08:26:16,BTCUSDT,bid,54000,562.247
2024-08-08 08:26:26,BTCUSDT,bid,54000,562.277
2024-08-08 08:26:37,BTCUSDT,bid,54000,562.263
2024-08-08 08:26:39,BTCUSDT,bid,54000,562.078
2024-08-08 08:27:07,BTCUSDT,bid,54000,562.076
2024-08-08 08:27:09,BTCUSDT,bid,54000,562.072
2024-08-08 08:28:47,BTCUSDT,bid,54000,562.146
2024-08-08 08:28:51,BTCUSDT,bid,54000,562.144
2024-08-08 08:28:57,BTCUSDT,bid,54000,561.144
2024-08-08 08:29:01,BTCUSDT,bid,54000,561.07
2024-08-08 08:29:26,BTCUSDT,bid,54000,561.126
2024-08-08 08:29:33,BTCUSDT,bid,54000,561.141
2024-08-08 08:29:57,BTCUSDT,bid,54000,561.139
2024-08-08 08:30:46,BTCUSDT,bid,54000,561.094
2024-08-08 08:32:28,BTCUSDT,ask,56000,565.885
2024-08-08 08:32:28,BTCUSDT,ask,56000,565.877
2024-08-08 08:32:34,BTCUSDT,ask,56000,565.903
2024-08-08 08:32:37,BTCUSDT,ask,56000,565.921
2024-08-08 08:32:43,BTCUSDT,ask,56000,565.221
2024-08-08 08:32:48,BTCUSDT,bid,54000,561.005
2024-08-08 08:32:49,BTCUSDT,ask,56000,565.213
2024-08-08 08:32:50,BTCUSDT,ask,56000,565.211
2024-08-08 08:32:58,BTCUSDT,ask,56000,565.216
2024-08-08 08:35:20,BTCUSDT,bid,54000,560.82
2024-08-08 08:35:27,BTCUSDT,bid,54000,560.818
2024-08-08 08:36:19,BTCUSDT,bid,54000,560.828
2024-08-08 08:37:22,BTCUSDT,bid,54000,560.819
2024-08-08 08:37:35,BTCUSDT,bid,54000,560.821
2024-08-08 08:38:00,BTCUSDT,bid,54000,560.825
2024-08-08 08:38:48,BTCUSDT,bid,54000,560.815
2024-08-08 08:39:01,BTCUSDT,bid,54000,560.843
2024-08-08 08:40:36,BTCUSDT,bid,54000,560.835
2024-08-08 08:40:37,BTCUSDT,bid,54000,560.815
2024-08-08 08:40:59,BTCUSDT,bid,54000,560.813
2024-08-08 08:41:18,BTCUSDT,bid,54000,560.831
2024-08-08 08:41:39,BTCUSDT,bid,54000,560.812
2024-08-08 08:42:19,BTCUSDT,bid,54000,560.81
2024-08-08 08:42:57,BTCUSDT,bid,47500,642.527
2024-08-08 08:43:37,BTCUSDT,bid,54000,560.799
2024-08-08 08:43:39,BTCUSDT,bid,54000,560.558
2024-08-08 08:43:42,BTCUSDT,bid,54000,560.54
2024-08-08 08:44:10,BTCUSDT,bid,56000,917.633
2024-08-08 08:44:25,BTCUSDT,bid,54000,560.538
2024-08-08 08:44:29,BTCUSDT,bid,54000,560.438
2024-08-08 08:44:30,BTCUSDT,bid,54000,560.435
2024-08-08 08:44:35,BTCUSDT,bid,54000,560.43
2024-08-08 08:44:39,BTCUSDT,bid,54000,560.32
2024-08-08 08:44:50,BTCUSDT,bid,54000,560.312
2024-08-08 08:44:50,BTCUSDT,bid,54000,560.304
2024-08-08 08:44:51,BTCUSDT,bid,54000,560.224
2024-08-08 08:44:52,BTCUSDT,bid,54000,560.166
2024-08-08 08:44:52,BTCUSDT,bid,54000,560.159
2024-08-08 08:44:53,BTCUSDT,bid,54000,560.051
2024-08-08 08:44:54,BTCUSDT,bid,54000,560.047
2024-08-08 08:44:55,BTCUSDT,bid,54000,560.025
2024-08-08 08:44:55,BTCUSDT,bid,54000,560.018
2024-08-08 08:44:56,BTCUSDT,bid,54000,560.015
2024-08-08 08:44:56,BTCUSDT,bid,54000,560.011
2024-08-08 08:44:56,BTCUSDT,bid,54000,560.005
2024-08-08 08:44:56,BTCUSDT,bid,54000,559.984
2024-08-08 08:44:56,BTCUSDT,bid,54000,559.977
2024-08-08 08:44:57,BTCUSDT,bid,54000,559.975
2024-08-08 08:44:57,BTCUSDT,bid,54000,559.938
2024-08-08 08:44:57,BTCUSDT,bid,54000,559.936
2024-08-08 08:44:58,BTCUSDT,bid,47000,865.355
2024-08-08 08:44:59,BTCUSDT,bid,54000,559.922
2024-08-08 08:44:59,BTCUSDT,bid,47000,865.345
2024-08-08 08:44:59,BTCUSDT,bid,47500,642.517
2024-08-08 08:44:59,BTCUSDT,bid,54000,559.912
2024-08-08 08:45:01,BTCUSDT,bid,47000,865.342
2024-08-08 08:45:01,BTCUSDT,bid,54000,559.909
2024-08-08 08:45:02,BTCUSDT,bid,54000,557.909
2024-08-08 08:45:02,BTCUSDT,bid,54000,557.893
2024-08-08 08:45:03,BTCUSDT,bid,47000,865.279
2024-08-08 08:45:05,BTCUSDT,bid,54000,557.891
2024-08-08 08:45:08,BTCUSDT,bid,54000,557.881
2024-08-08 08:45:24,BTCUSDT,bid,54000,557.869
2024-08-08 08:45:25,BTCUSDT,bid,54000,557.854
2024-08-08 08:45:26,BTCUSDT,bid,54000,557.826
2024-08-08 08:45:39,BTCUSDT,ask,57200,648.27
2024-08-08 08:45:40,BTCUSDT,ask,57200,647.854
2024-08-08 08:45:50,BTCUSDT,bid,54000,557.796
2024-08-08 08:45:56,BTCUSDT,bid,54000,557.787
2024-08-08 08:45:58,BTCUSDT,bid,54000,557.783
2024-08-08 08:46:03,BTCUSDT,bid,54000,557.789
2024-08-08 08:46:09,BTCUSDT,bid,54000,557.589
2024-08-08 08:46:10,BTCUSDT,bid,54000,557.587
2024-08-08 08:46:18,BTCUSDT,bid,54000,557.52
2024-08-08 08:46:18,BTCUSDT,ask,57200,643.514
2024-08-08 08:46:19,BTCUSDT,bid,54000,557.465
2024-08-08 08:46:19,BTCUSDT,ask,57200,643.57
2024-08-08 08:46:22,BTCUSDT,ask,57200,643.587
2024-08-08 08:46:23,BTCUSDT,ask,57200,643.589
2024-08-08 08:46:39,BTCUSDT,ask,57200,642.164
2024-08-08 08:46:56,BTCUSDT,bid,54000,557.45
2024-08-08 08:46:57,BTCUSDT,bid,54000,557.44
2024-08-08 08:47:12,BTCUSDT,bid,54000,557.438
2024-08-08 08:47:20,BTCUSDT,bid,47000,864.953
2024-08-08 08:47:21,BTCUSDT,bid,54000,558.138
2024-08-08 08:47:34,BTCUSDT,bid,54000,558.129
2024-08-08 08:47:40,BTCUSDT,bid,54000,557.716
2024-08-08 08:48:02,BTCUSDT,bid,54000,557.811
2024-08-08 08:48:05,BTCUSDT,bid,54000,557.813
2024-08-08 08:48:13,BTCUSDT,bid,54000,557.823
2024-08-08 08:48:41,BTCUSDT,bid,54000,557.825
2024-08-08 08:49:41,BTCUSDT,bid,54000,557.795
2024-08-08 08:49:52,BTCUSDT,bid,54000,557.8
2024-08-08 08:49:57,BTCUSDT,bid,54000,557.499
2024-08-08 08:50:12,BTCUSDT,bid,54000,557.536
2024-08-08 08:50:37,BTCUSDT,bid,54000,557.377
2024-08-08 08:50:56,BTCUSDT,bid,54000,557.375
2024-08-08 08:51:18,BTCUSDT,bid,54000,557.373
2024-08-08 08:51:33,BTCUSDT,bid,54000,557.371
2024-08-08 08:52:11,BTCUSDT,bid,54000,557.369
2024-08-08 08:52:22,BTCUSDT,bid,54000,557.374
2024-08-08 08:52:33,BTCUSDT,bid,54000,557.377
2024-08-08 08:53:07,BTCUSDT,bid,54000,557.291
2024-08-08 08:53:11,BTCUSDT,bid,54000,557.426
2024-08-08 08:53:22,BTCUSDT,bid,54000,557.444
2024-08-08 08:53:25,BTCUSDT,bid,54000,557.442
2024-08-08 08:53:35,BTCUSDT,bid,54000,557.462
2024-08-08 08:53:37,BTCUSDT,bid,54000,557.46
2024-08-08 08:53:43,BTCUSDT,bid,54000,557.455
2024-08-08 08:54:02,BTCUSDT,bid,54000,557.45
2024-08-08 08:54:08,BTCUSDT,bid,54000,557.451
2024-08-08 08:54:20,BTCUSDT,bid,54000,557.453
2024-08-08 08:55:12,BTCUSDT,bid,54000,557.445
2024-08-08 08:55:14,BTCUSDT,bid,54000,557.475
2024-08-08 08:55:17,BTCUSDT,bid,54000,557.473
2024-08-08 08:55:27,BTCUSDT,bid,54000,557.196
2024-08-08 08:56:10,BTCUSDT,bid,54000,557.19
2024-08-08 08:56:29,BTCUSDT,bid,54000,557.192
2024-08-08 08:56:30,BTCUSDT,bid,54000,557.183
2024-08-08 08:56:31,BTCUSDT,bid,54000,557.166
2024-08-08 08:56:38,BTCUSDT,bid,54000,557.168
2024-08-08 08:56:40,BTCUSDT,bid,54000,557.166
2024-08-08 08:56:47,BTCUSDT,bid,54000,557.191
2024-08-08 08:57:07,BTCUSDT,bid,54000,557.171
2024-08-08 08:57:21,BTCUSDT,bid,54000,557.173
2024-08-08 08:57:23,BTCUSDT,bid,54000,557.171
2024-08-08 08:57:24,BTCUSDT,bid,54000,557.17
2024-08-08 08:57:27,BTCUSDT,bid,47000,864.907
2024-08-08 08:57:28,BTCUSDT,bid,54000,556.475
2024-08-08 08:57:36,BTCUSDT,bid,54000,556.471
2024-08-08 08:57:36,BTCUSDT,bid,54000,556.338
2024-08-08 08:57:50,BTCUSDT,bid,54000,556.335
2024-08-08 08:58:09,BTCUSDT,bid,54000,556.333
2024-08-08 08:58:27,BTCUSDT,bid,54000,556.308
2024-08-08 08:58:44,BTCUSDT,bid,54000,556.316
2024-08-08 08:58:50,BTCUSDT,bid,54000,556.147
2024-08-08 08:58:59,BTCUSDT,bid,54000,556.16
2024-08-08 08:59:02,BTCUSDT,bid,54000,556.152
2024-08-08 08:59:15,BTCUSDT,bid,47000,864.901
2024-08-08 08:59:19,BTCUSDT,bid,54000,556.145
2024-08-08 08:59:47,BTCUSDT,bid,54000,556.128
2024-08-08 09:00:08,BTCUSDT,bid,54000,556.091
2024-08-08 09:00:48,BTCUSDT,bid,54000,556.093
2024-08-08 09:01:41,BTCUSDT,bid,54000,556.095
2024-08-08 09:01:42,BTCUSDT,bid,54000,556.195
2024-08-08 09:01:58,BTCUSDT,bid,54000,556.189
2024-08-08 09:02:01,BTCUSDT,bid,54000,556.226
2024-08-08 09:02:17,BTCUSDT,bid,54000,556.196
2024-08-08 09:04:16,BTCUSDT,bid,54000,556.198
2024-08-08 09:04:26,BTCUSDT,bid,54000,556.098
2024-08-08 09:04:32,BTCUSDT,bid,54000,556.074
2024-08-08 09:05:10,BTCUSDT,bid,54000,556.072
2024-08-08 09:05:14,BTCUSDT,bid,54000,556.075
2024-08-08 09:05:43,BTCUSDT,bid,54000,556.078
2024-08-08 09:06:03,BTCUSDT,bid,54000,556.075
2024-08-08 09:06:14,BTCUSDT,bid,54000,556.066
2024-08-08 09:06:51,BTCUSDT,bid,54000,556.061
2024-08-08 09:06:55,BTCUSDT,bid,54000,556.036
2024-08-08 09:07:05,BTCUSDT,bid,54000,556.027
2024-08-08 09:09:02,BTCUSDT,bid,54000,556.029
2024-08-08 09:09:13,BTCUSDT,bid,54000,556.024
2024-08-08 09:09:33,BTCUSDT,bid,54000,556.022
2024-08-08 09:09:40,BTCUSDT,bid,47500,642.505
2024-08-08 09:10:02,BTCUSDT,bid,54000,556.027
2024-08-08 09:10:15,BTCUSDT,bid,47000,864.881
2024-08-08 09:10:19,BTCUSDT,bid,54000,556.022
2024-08-08 09:10:30,BTCUSDT,bid,47000,864.888
2024-08-08 09:10:30,BTCUSDT,bid,47500,642.512
2024-08-08 09:10:30,BTCUSDT,bid,54000,556.029
2024-08-08 09:10:49,BTCUSDT,bid,54000,556.014
2024-08-08 09:10:51,BTCUSDT,bid,54000,556.011
2024-08-08 09:11:09,BTCUSDT,bid,54000,556.545
2024-08-08 09:11:11,BTCUSDT,bid,47500,642.508
2024-08-08 09:11:24,BTCUSDT,bid,54000,556.548
2024-08-08 09:12:40,BTCUSDT,bid,54000,556.345
2024-08-08 09:12:55,BTCUSDT,bid,54000,556.343
2024-08-08 09:13:21,BTCUSDT,bid,54000,556.341
2024-08-08 09:13:26,BTCUSDT,bid,54000,556.286
2024-08-08 09:13:39,BTCUSDT,bid,47000,864.876
2024-08-08 09:13:51,BTCUSDT,bid,47000,864.873
2024-08-08 09:13:52,BTCUSDT,bid,47500,642.505
2024-08-08 09:13:53,BTCUSDT,bid,54000,556.963
2024-08-08 09:14:03,BTCUSDT,bid,54000,556.973
2024-08-08 09:14:04,BTCUSDT,bid,54000,556.964
2024-08-08 09:14:39,BTCUSDT,bid,47000,864.913
2024-08-08 09:15:07,BTCUSDT,bid,54000,556.86
2024-08-08 09:16:21,BTCUSDT,bid,54000,556.858
2024-08-08 09:17:03,BTCUSDT,bid,47500,642.5
2024-08-08 09:17:13,BTCUSDT,bid,54000,556.941
2024-08-08 09:17:19,BTCUSDT,bid,54000,556.846
2024-08-08 09:17:22,BTCUSDT,bid,47000,864.488
2024-08-08 09:17:33,BTCUSDT,bid,54000,556.299
2024-08-08 09:17:34,BTCUSDT,bid,54000,556.284
2024-08-08 09:18:27,BTCUSDT,bid,54000,556.103
2024-08-08 09:18:55,BTCUSDT,bid,47000,864.715
2024-08-08 09:19:10,BTCUSDT,bid,54000,556.125
2024-08-08 09:28:23,BTCUSDT,bid,47000,864.615
2024-08-08 09:31:58,BTCUSDT,bid,54000,561.276
2024-08-08 09:32:03,BTCUSDT,bid,54000,561.272
2024-08-08 09:32:04,BTCUSDT,bid,54000,561.372
2024-08-08 09:32:05,BTCUSDT,bid,54000,561.39
2024-08-08 09:32:19,BTCUSDT,bid,54000,561.401
2024-08-08 09:32:39,BTCUSDT,bid,54000,561.396
2024-08-08 09:33:18,BTCUSDT,bid,47000,864.609
2024-08-08 09:33:20,BTCUSDT,bid,54000,561.394
2024-08-08 09:33:30,BTCUSDT,bid,47000,864.616
2024-08-08 09:33:30,BTCUSDT,bid,54000,561.392
2024-08-08 09:33:40,BTCUSDT,bid,54000,561.395
2024-08-08 09:33:52,BTCUSDT,bid,54000,561.403
2024-08-08 09:33:52,BTCUSDT,bid,47000,864.619
2024-08-08 09:33:54,BTCUSDT,bid,54000,561.366
2024-08-08 09:34:58,BTCUSDT,bid,54000,561.444
2024-08-08 09:35:34,BTCUSDT,bid,54000,561.494
2024-08-08 09:35:56,BTCUSDT,bid,47000,864.587
2024-08-08 09:36:20,BTCUSDT,bid,47000,864.566
2024-08-08 09:36:30,BTCUSDT,bid,54000,561.491
2024-08-08 09:37:03,BTCUSDT,bid,47000,864.466
2024-08-08 09:37:20,BTCUSDT,bid,54000,561.489
2024-08-08 09:38:23,BTCUSDT,bid,54000,561.397
2024-08-08 09:38:57,BTCUSDT,bid,54000,561.415
2024-08-08 09:39:29,BTCUSDT,bid,54000,561.423
2024-08-08 09:39:57,BTCUSDT,bid,54000,561.54
2024-08-08 09:40:12,BTCUSDT,bid,54000,560.54
2024-08-08 09:40:20,BTCUSDT,bid,54000,561.095
2024-08-08 09:40:33,BTCUSDT,bid,54000,561.073
2024-08-08 09:41:02,BTCUSDT,bid,54000,561.246
2024-08-08 09:41:22,BTCUSDT,bid,54000,561.073
2024-08-08 09:41:23,BTCUSDT,bid,54000,561.273
2024-08-08 09:41:25,BTCUSDT,bid,54000,561.296
2024-08-08 09:43:20,BTCUSDT,bid,54000,560.859
2024-08-08 09:43:40,BTCUSDT,bid,54000,560.304
2024-08-08 09:45:17,BTCUSDT,bid,54000,560.309
2024-08-08 09:45:33,BTCUSDT,bid,47000,862.466
2024-08-08 09:45:50,BTCUSDT,bid,54000,560.327
2024-08-08 09:47:32,BTCUSDT,bid,54000,560.332
2024-08-08 09:48:22,BTCUSDT,bid,54000,560.238
2024-08-08 09:48:25,BTCUSDT,bid,54000,560.23
2024-08-08 09:50:03,BTCUSDT,bid,54000,560.221
2024-08-08 09:50:32,BTCUSDT,bid,54000,560.282
2024-08-08 09:50:58,BTCUSDT,bid,54000,560.264
2024-08-08 09:51:00,BTCUSDT,bid,54000,560.464
2024-08-08 09:51:14,BTCUSDT,bid,54000,560.453
2024-08-08 09:51:17,BTCUSDT,bid,54000,560.392
2024-08-08 09:51:39,BTCUSDT,bid,54000,560.389
2024-08-08 09:51:42,BTCUSDT,bid,54000,560.381
2024-08-08 09:52:15,BTCUSDT,bid,54000,560.362
2024-08-08 09:54:02,BTCUSDT,bid,54000,560.16
2024-08-08 09:54:14,BTCUSDT,bid,54000,560.155
2024-08-08 09:55:42,BTCUSDT,bid,47500,642.497
2024-08-08 09:56:00,BTCUSDT,bid,54000,559.455
2024-08-08 09:56:19,BTCUSDT,bid,54000,559.449
2024-08-08 09:56:19,BTCUSDT,bid,47000,862.456
2024-08-08 09:56:29,BTCUSDT,bid,54000,559.34
2024-08-08 09:56:34,BTCUSDT,bid,54000,559.084
2024-08-08 09:56:53,BTCUSDT,bid,54000,559.082
2024-08-08 09:57:11,BTCUSDT,bid,54000,559.046
2024-08-08 09:57:21,BTCUSDT,bid,54000,559.146
2024-08-08 09:57:23,BTCUSDT,bid,54000,559.171
2024-08-08 09:57:31,BTCUSDT,bid,54000,558.671
2024-08-08 09:57:36,BTCUSDT,bid,54000,558.669
2024-08-08 09:57:40,BTCUSDT,bid,54000,558.659
2024-08-08 09:57:41,BTCUSDT,bid,54000,558.639
2024-08-08 09:58:01,BTCUSDT,bid,54000,558.623
2024-08-08 09:58:07,BTCUSDT,bid,47000,862.68
2024-08-08 09:58:19,BTCUSDT,bid,54000,558.635
2024-08-08 09:58:44,BTCUSDT,bid,54000,558.633
2024-08-08 09:58:54,BTCUSDT,bid,54000,558.596
2024-08-08 09:58:55,BTCUSDT,bid,54000,558.599
2024-08-08 09:59:05,BTCUSDT,bid,54000,558.617
2024-08-08 09:59:11,BTCUSDT,bid,54000,558.621
2024-08-08 09:59:27,BTCUSDT,bid,54000,558.618
2024-08-08 10:00:19,BTCUSDT,bid,54000,558.655
2024-08-08 10:00:37,BTCUSDT,bid,54000,558.653
2024-08-08 10:00:45,BTCUSDT,bid,54000,558.656
2024-08-08 10:00:56,BTCUSDT,bid,54000,558.648
2024-08-08 10:00:56,BTCUSDT,bid,54000,558.645
2024-08-08 10:01:11,BTCUSDT,bid,54000,558.62
2024-08-08 10:01:25,BTCUSDT,bid,47000,862.588
2024-08-08 10:01:33,BTCUSDT,bid,54000,558.5
2024-08-08 10:02:12,BTCUSDT,bid,54000,558.488
2024-08-08 10:03:54,BTCUSDT,bid,54000,558.486
2024-08-08 10:07:16,BTCUSDT,bid,47300,807.586
2024-08-08 10:08:09,BTCUSDT,bid,47000,862.338
2024-08-08 10:11:00,BTCUSDT,bid,47500,642.932
2024-08-08 10:12:09,BTCUSDT,bid,47000,862.23
2024-08-08 10:15:36,BTCUSDT,bid,47000,862.469
2024-08-08 10:18:37,BTCUSDT,bid,47000,862.466
2024-08-08 10:18:37,BTCUSDT,bid,47500,642.929
2024-08-08 10:20:13,BTCUSDT,bid,47500,642.932
2024-08-08 10:26:16,BTCUSDT,bid,47300,807.565
2024-08-08 10:26:40,BTCUSDT,bid,47000,862.041
2024-08-08 10:36:08,BTCUSDT,bid,47000,862.024
2024-08-08 10:36:09,BTCUSDT,bid,47000,862.021
2024-08-08 10:36:20,BTCUSDT,bid,47000,862.084
2024-08-08 10:38:51,BTCUSDT,bid,47500,642.928
2024-08-08 11:07:07,BTCUSDT,bid,47500,642.878
2024-08-08 11:07:07,BTCUSDT,bid,47500,642.878
2024-08-08 11:23:22,BTCUSDT,bid,47000,861.521
2024-08-08 11:23:22,BTCUSDT,bid,47000,861.521
2024-08-08 11:24:51,BTCUSDT,bid,47000,861.499
2024-08-08 11:24:52,BTCUSDT,bid,47000,861.499
2024-08-08 11:32:06,BTCUSDT,bid,47000,861.399
2024-08-08 11:32:06,BTCUSDT,bid,47000,861.399
2024-08-08 11:46:40,BTCUSDT,bid,47000,861.416
2024-08-08 11:46:41,BTCUSDT,bid,47000,861.416
2024-08-08 11:53:22,BTCUSDT,bid,47000,861.45
2024-08-08 11:53:22,BTCUSDT,bid,47000,861.45
2024-08-08 12:05:58,BTCUSDT,bid,47000,861.295
2024-08-08 12:05:58,BTCUSDT,bid,47000,861.295
2024-08-08 12:09:04,BTCUSDT,bid,47500,642.836
2024-08-08 12:09:05,BTCUSDT,bid,47500,642.836
2024-08-08 12:10:14,BTCUSDT,bid,47000,861.298
2024-08-08 12:10:15,BTCUSDT,bid,47000,861.298
2024-08-08 12:10:22,BTCUSDT,bid,47500,642.785
2024-08-08 12:10:23,BTCUSDT,bid,47500,642.785
2024-08-08 12:10:26,BTCUSDT,bid,47000,861.295
2024-08-08 12:10:27,BTCUSDT,bid,47000,861.295
2024-08-08 12:20:45,BTCUSDT,bid,47000,861.462
2024-08-08 12:20:45,BTCUSDT,bid,47000,861.462
2024-08-08 12:22:56,BTCUSDT,bid,47500,642.646
2024-08-08 12:22:56,BTCUSDT,bid,47500,642.646
2024-08-08 12:24:04,BTCUSDT,bid,47000,861.661
2024-08-08 12:24:04,BTCUSDT,bid,47000,861.661
2024-08-08 12:40:26,BTCUSDT,bid,47000,861.671
2024-08-08 12:40:26,BTCUSDT,bid,47000,861.671
2024-08-08 12:43:22,BTCUSDT,bid,47500,642.56
2024-08-08 12:43:22,BTCUSDT,bid,47500,642.56
2024-08-08 12:43:36,BTCUSDT,bid,47000,861.631
2024-08-08 12:43:36,BTCUSDT,bid,47000,861.631
2024-08-08 12:50:14,BTCUSDT,bid,47500,642.563
2024-08-08 12:50:15,BTCUSDT,bid,47500,642.563
2024-08-08 12:52:07,BTCUSDT,bid,47500,642.528
2024-08-08 12:52:08,BTCUSDT,bid,47500,642.528
2024-08-08 12:59:45,BTCUSDT,bid,47000,861.452
2024-08-08 12:59:45,BTCUSDT,bid,47000,861.452
2024-08-08 13:05:18,BTCUSDT,bid,47300,807.532
2024-08-08 13:05:19,BTCUSDT,bid,47300,807.532
2024-08-08 13:07:50,BTCUSDT,bid,47000,861.59
2024-08-08 13:07:50,BTCUSDT,bid,47000,861.59
2024-08-08 13:09:41,BTCUSDT,bid,47500,642.56
2024-08-08 13:09:41,BTCUSDT,bid,47500,642.56
2024-08-08 13:15:50,BTCUSDT,bid,47000,861.525
2024-08-08 13:15:51,BTCUSDT,bid,47000,861.525
2024-08-08 13:21:20,BTCUSDT,bid,47000,861.515
2024-08-08 13:21:20,BTCUSDT,bid,47000,861.515
2024-08-08 13:24:32,BTCUSDT,bid,47000,861.521
2024-08-08 13:24:32,BTCUSDT,bid,47000,861.521
2024-08-08 13:29:05,BTCUSDT,bid,47500,642.76
2024-08-08 13:29:05,BTCUSDT,bid,47500,642.76
2024-08-08 13:30:44,BTCUSDT,bid,47500,642.56
2024-08-08 13:30:45,BTCUSDT,bid,47500,642.56
2024-08-08 13:30:58,BTCUSDT,bid,47000,861.49
2024-08-08 13:30:59,BTCUSDT,bid,47000,861.49
2024-08-08 13:39:29,BTCUSDT,bid,47500,642.585
2024-08-08 13:39:29,BTCUSDT,bid,47500,642.585
2024-08-08 13:39:40,BTCUSDT,bid,47300,807.582
2024-08-08 13:39:40,BTCUSDT,bid,47300,807.582
2024-08-08 13:39:57,BTCUSDT,bid,47000,861.515
2024-08-08 13:39:57,BTCUSDT,bid,47000,861.515
2024-08-08 13:41:19,BTCUSDT,bid,47000,861.511
2024-08-08 13:41:19,BTCUSDT,bid,47000,861.511
2024-08-08 13:45:28,BTCUSDT,bid,47500,642.588
2024-08-08 13:45:29,BTCUSDT,bid,47500,642.588
2024-08-08 13:49:13,BTCUSDT,bid,47000,861.441
2024-08-08 13:49:13,BTCUSDT,bid,47000,861.441
2024-08-08 13:52:35,BTCUSDT,bid,47000,862.593
2024-08-08 13:52:35,BTCUSDT,bid,47000,862.593
2024-08-08 13:53:58,BTCUSDT,bid,47500,642.54
2024-08-08 13:53:58,BTCUSDT,bid,47500,642.54
2024-08-08 13:59:02,BTCUSDT,bid,47300,807.589
2024-08-08 13:59:02,BTCUSDT,bid,47300,807.589
2024-08-08 14:03:36,BTCUSDT,bid,47500,642.53
2024-08-08 14:03:36,BTCUSDT,bid,47500,642.53
2024-08-08 14:06:23,BTCUSDT,bid,47000,862.6
2024-08-08 14:06:24,BTCUSDT,bid,47000,862.6
2024-08-08 14:08:11,BTCUSDT,bid,47500,642.586
2024-08-08 14:08:12,BTCUSDT,bid,47500,642.586
2024-08-08 14:16:48,BTCUSDT,bid,47000,862.55
2024-08-08 14:16:49,BTCUSDT,bid,47000,862.55
2024-08-08 14:29:09,BTCUSDT,bid,47000,862.56
2024-08-08 14:29:09,BTCUSDT,bid,47000,862.56
2024-08-08 14:36:36,BTCUSDT,bid,47000,862.029
2024-08-08 14:36:36,BTCUSDT,bid,47000,862.029
2024-08-08 14:38:43,BTCUSDT,bid,47000,861.966
2024-08-08 14:38:43,BTCUSDT,bid,47000,861.966
2024-08-08 14:42:10,BTCUSDT,ask,57300,593.023
2024-08-08 14:42:11,BTCUSDT,ask,57300,593.023
2024-08-08 14:42:14,BTCUSDT,ask,57300,592.679
2024-08-08 14:42:14,BTCUSDT,ask,57300,592.679
2024-08-08 14:58:41,BTCUSDT,bid,47000,861.767
2024-08-08 14:58:42,BTCUSDT,bid,47000,861.767
2024-08-08 15:06:46,BTCUSDT,bid,47000,861.755
2024-08-08 15:06:46,BTCUSDT,bid,47000,861.755
2024-08-08 15:07:05,BTCUSDT,bid,47000,861.714
2024-08-08 15:07:05,BTCUSDT,bid,47000,861.714
2024-08-08 15:09:05,BTCUSDT,bid,47000,861.913
2024-08-08 15:09:05,BTCUSDT,bid,47000,861.913
2024-08-08 15:18:25,BTCUSDT,bid,47000,861.916
2024-08-08 15:18:25,BTCUSDT,bid,47000,861.916
2024-08-08 15:22:33,BTCUSDT,bid,47000,861.717
2024-08-08 15:22:33,BTCUSDT,bid,47000,861.717
2024-08-08 15:23:23,BTCUSDT,bid,47000,861.937
2024-08-08 15:23:23,BTCUSDT,bid,47000,861.937
2024-08-08 15:31:09,BTCUSDT,bid,47000,861.93
2024-08-08 15:31:09,BTCUSDT,bid,47000,861.93
2024-08-08 15:31:25,BTCUSDT,bid,47000,861.935
2024-08-08 15:31:25,BTCUSDT,bid,47000,861.935
2024-08-08 15:31:27,BTCUSDT,bid,47000,861.931
2024-08-08 15:31:28,BTCUSDT,bid,47000,861.931
2024-08-08 15:36:10,BTCUSDT,bid,47500,642.516
2024-08-08 15:36:09,BTCUSDT,bid,47500,642.516
2024-08-08 15:39:20,BTCUSDT,bid,47000,861.928
2024-08-08 15:39:20,BTCUSDT,bid,47000,861.928
2024-08-08 15:40:34,BTCUSDT,bid,47000,861.938
2024-08-08 15:40:34,BTCUSDT,bid,47000,861.938
2024-08-08 15:45:34,BTCUSDT,bid,47000,861.935
2024-08-08 15:45:35,BTCUSDT,bid,47000,861.935
2024-08-08 15:57:44,BTCUSDT,bid,47500,642.611
2024-08-08 15:57:44,BTCUSDT,bid,47500,642.611
2024-08-08 15:58:54,BTCUSDT,bid,47000,861.886
2024-08-08 15:58:54,BTCUSDT,bid,47000,861.886
2024-08-08 16:00:08,BTCUSDT,bid,47000,861.977
2024-08-08 16:00:08,BTCUSDT,bid,47000,861.977
2024-08-08 16:01:14,BTCUSDT,bid,47500,642.6
2024-08-08 16:01:14,BTCUSDT,bid,47500,642.6
2024-08-08 16:02:48,BTCUSDT,bid,47000,861.972
2024-08-08 16:02:48,BTCUSDT,bid,47000,861.972
2024-08-08 16:04:35,BTCUSDT,bid,47000,861.772
2024-08-08 16:04:36,BTCUSDT,bid,47000,861.772
2024-08-08 16:08:00,BTCUSDT,bid,47000,861.75
2024-08-08 16:08:00,BTCUSDT,bid,47000,861.75
2024-08-08 16:13:44,BTCUSDT,bid,47000,861.772
2024-08-08 16:13:44,BTCUSDT,bid,47000,861.772
2024-08-08 16:14:14,BTCUSDT,bid,47000,861.769
2024-08-08 16:14:15,BTCUSDT,bid,47000,861.769
2024-08-08 16:16:25,BTCUSDT,bid,47500,641.693
2024-08-08 16:16:25,BTCUSDT,bid,47500,641.693
2024-08-08 16:23:32,BTCUSDT,bid,47500,641.894
2024-08-08 16:23:32,BTCUSDT,bid,47500,641.894
2024-08-08 16:39:00,BTCUSDT,bid,47000,861.795
2024-08-08 16:39:00,BTCUSDT,bid,47000,861.795
2024-08-08 16:39:59,BTCUSDT,bid,47000,861.7
2024-08-08 16:39:59,BTCUSDT,bid,47000,861.7
2024-08-08 16:40:38,BTCUSDT,bid,47000,861.674
2024-08-08 16:40:38,BTCUSDT,bid,47000,861.674
2024-08-08 16:42:02,BTCUSDT,bid,47000,861.699
2024-08-08 16:42:03,BTCUSDT,bid,47000,861.699
2024-08-08 16:43:16,BTCUSDT,bid,47000,861.674
2024-08-08 16:43:17,BTCUSDT,bid,47000,861.674
2024-08-08 16:48:29,BTCUSDT,bid,47000,860.522
2024-08-08 16:48:29,BTCUSDT,bid,47000,860.522
2024-08-08 16:53:12,BTCUSDT,bid,49000,628.678
2024-08-08 16:53:13,BTCUSDT,bid,49000,628.678
2024-08-08 16:54:13,BTCUSDT,bid,47500,643.456
2024-08-08 16:54:14,BTCUSDT,bid,47500,643.456
2024-08-08 16:54:50,BTCUSDT,bid,47000,860.302
2024-08-08 16:54:51,BTCUSDT,bid,47000,860.302
2024-08-08 17:04:51,BTCUSDT,bid,47500,643.228
2024-08-08 17:04:51,BTCUSDT,bid,47500,643.228
2024-08-08 17:05:41,BTCUSDT,bid,49000,628.672
2024-08-08 17:05:41,BTCUSDT,bid,49000,628.672
2024-08-08 17:05:51,BTCUSDT,bid,49000,628.669
2024-08-08 17:05:51,BTCUSDT,bid,49000,628.669
2024-08-08 17:08:44,BTCUSDT,bid,49000,628.649
2024-08-08 17:08:45,BTCUSDT,bid,49000,628.649
2024-08-08 17:08:46,BTCUSDT,bid,49000,628.639
2024-08-08 17:08:46,BTCUSDT,bid,49000,628.639
2024-08-08 17:10:56,BTCUSDT,bid,47500,643.196
2024-08-08 17:10:56,BTCUSDT,bid,49000,628.619
2024-08-08 17:10:56,BTCUSDT,bid,47500,643.196
2024-08-08 17:10:56,BTCUSDT,bid,49000,628.619
2024-08-08 17:12:55,BTCUSDT,bid,49000,629.672
2024-08-08 17:12:56,BTCUSDT,bid,49000,629.672
2024-08-08 17:14:16,BTCUSDT,bid,47000,861.422
2024-08-08 17:14:16,BTCUSDT,bid,47000,861.422
2024-08-08 17:19:03,BTCUSDT,bid,49000,629.611
2024-08-08 17:19:03,BTCUSDT,bid,49000,629.611
2024-08-08 17:19:13,BTCUSDT,bid,49000,629.713
2024-08-08 17:19:14,BTCUSDT,bid,49000,629.713
2024-08-08 17:22:52,BTCUSDT,bid,49000,629.716
2024-08-08 17:22:53,BTCUSDT,bid,49000,629.716
2024-08-08 17:23:08,BTCUSDT,bid,47000,860.302
2024-08-08 17:23:08,BTCUSDT,bid,47000,860.302
2024-08-08 17:23:09,BTCUSDT,bid,49000,628.663
2024-08-08 17:23:09,BTCUSDT,bid,49000,628.663
2024-08-08 17:25:48,BTCUSDT,bid,49000,628.672
2024-08-08 17:25:48,BTCUSDT,bid,49000,628.672
2024-08-08 17:30:41,BTCUSDT,bid,49000,618.672
2024-08-08 17:30:42,BTCUSDT,bid,49000,618.672
2024-08-08 17:35:29,BTCUSDT,bid,47000,860.078
2024-08-08 17:35:29,BTCUSDT,bid,47000,860.078
2024-08-08 17:35:47,BTCUSDT,bid,47000,860.075
2024-08-08 17:35:47,BTCUSDT,bid,47000,860.075
2024-08-08 17:38:04,BTCUSDT,bid,47000,860.072
2024-08-08 17:38:04,BTCUSDT,bid,47000,860.072
2024-08-08 17:40:35,BTCUSDT,bid,47000,860.075
2024-08-08 17:40:35,BTCUSDT,bid,47500,643.199
2024-08-08 17:40:36,BTCUSDT,bid,47000,860.075
2024-08-08 17:40:36,BTCUSDT,bid,47500,643.199
2024-08-08 17:41:02,BTCUSDT,bid,47000,860.015
2024-08-08 17:41:03,BTCUSDT,bid,47000,860.015
